ref_no,epfl_title_hkust,epfl_code_raw,epfl_code,valid_till,valid_in_spring_2027,hkust_title,hkust_code,hkust_credits,raw_summary,epfl_title_official,epfl_ects,language,coursebook_url,has_2026_27_listing,not_given_2026_27,spring_2027,spring_program_info
B047096-01,"History of Architecture I,II",AR-123,AR-123,2028-29 Winter,True,2000-level Course in Humanities,HUMA2000HMCC,3.0,"History of Architecture I,II | AR-123 | Ref No.: B047096-01 | Valid till | 2028-29 Winter | 2000-level Course in Humanities | HUMA2000HMCC | 3 Credits",History of architecture I: 2600 BCE-1420 CE,,English,https://edu.epfl.ch/studyplan/en/propedeutics/architecture/coursebook/history-of-architecture-i-2600-bce-1420-ce-AR-123,True,False,True,Architecture | 2026-2027 Bachelor semester 2 | Semester: | Spring | Exam form: | During the semester (summer session) | Subject examined: | History of architecture I: 2600 BCE-1420 CE | Courses: | 4 Hour(s) per week x 12 weeks | Type: | mandatory | Reference week | Mo | Tu | We | Th | Fr | 8-9 | 9-10 | 10-11
B048493-01,History of Architecture III/IV,AR-225,AR-225,2028-29 Summer,True,2000-level Course in Humanities,HUMA2000HMCC,3.0,History of Architecture III/IV | AR-225 | Ref No.: B048493-01 | Valid till | 2028-29 Summer | 2000-level Course in Humanities | HUMA2000HMCC | 3 Credits,History of architecture II: 1420-1750,,English,https://edu.epfl.ch/studyplan/en/bachelor/architecture/coursebook/history-of-architecture-ii-1420-1750-AR-225,True,False,True,Architecture | 2026-2027 Bachelor semester 4 | Semester: | Spring | Exam form: | During the semester (summer session) | Subject examined: | History of architecture II: 1420-1750 | Courses: | 4 Hour(s) per week x 12 weeks | Type: | mandatory | Passerelle HES - AR | 2026-2027 Spring semester | Semester: | Spring | Exam form: | During the semester (summer session) | Subject examined: | History of architecture II: 1420-1750 | Courses: || Passerelle HES - AR | 2026-2027 Spring semester | Semester: | Spring | Exam form: | During the semester (summer session) | Subject examined: | History of architecture II: 1420-1750 | Courses: | 4 Hour(s) per week x 12 weeks | Type: | mandatory | Reference week | Mo | Tu | We | Th | Fr | 8-9 | 9-10 | 10-11
B047094-01,History of Architecture V/VI,AR-226,AR-226,2028-29 Winter,True,2000-level Course in Humanities,HUMA2000HMCC,3.0,History of Architecture V/VI | AR-226 | Ref No.: B047094-01 | Valid till | 2028-29 Winter | 2000-level Course in Humanities | HUMA2000HMCC | 3 Credits,History of Architecture V/VI,,English,https://edu.epfl.ch/studyplan/en/bachelor/architecture/coursebook/history-of-architecture-v-vi-AR-226,True,False,True,Architecture | 2026-2027 Bachelor semester 4 | Semester: | Spring | Exam form: | Oral (summer session) | Subject examined: | History of Architecture V/VI | Courses: | 4 Hour(s) per week x 12 weeks | Type: | mandatory | Reference week | Mo | Tu | We | Th | Fr | 8-9 | 9-10 | 10-11
B046679-05,History of Park and Garden Design,AR-361,AR-361,2028-29 Winter,True,2000-level Course in Humanities,HUMA2000ARTC,3.0,History of Park and Garden Design | AR-361 | Ref No.: B046679-05 | Valid till | 2028-29 Winter | 2000-level Course in Humanities | HUMA2000ARTC | 3 Credits,History of park and garden design,,English,https://edu.epfl.ch/studyplan/en/bachelor/architecture/coursebook/history-of-park-and-garden-design-AR-361,True,False,True,Architecture | 2026-2027 Bachelor semester 6 | Semester: | Spring | Subject examined: | History of park and garden design | Courses: | 2 Hour(s) per week x 12 weeks | Type: | mandatory | Architecture | 2026-2027 Bachelor semester 6b | Semester: | Spring | Subject examined: | History of park and garden design | Courses: | 2 Hour(s) per week x 12 weeks | Type: | mandatory | Architecture || Architecture | 2026-2027 Bachelor semester 6b | Semester: | Spring | Subject examined: | History of park and garden design | Courses: | 2 Hour(s) per week x 12 weeks | Type: | mandatory | Architecture | 2026-2027 Master semester 2 | Semester: | Spring | Subject examined: | History of park and garden design | Courses: | 2 Hour(s) per week x 12 weeks | Type: | optional | Architecture || Architecture | 2026-2027 Master semester 2 | Semester: | Spring | Subject examined: | History of park and garden design | Courses: | 2 Hour(s) per week x 12 weeks | Type: | optional | Architecture | 2026-2027 Master semester 4 | Semester: | Spring | Subject examined: | History of park and garden design | Courses: | 2 Hour(s) per week x 12 weeks | Type: | optional | Passerelle HES - AR || Architecture | 2026-2027 Master semester 4 | Semester: | Spring | Subject examined: | History of park and garden design | Courses: | 2 Hour(s) per week x 12 weeks | Type: | optional | Passerelle HES - AR | 2026-2027 Spring semester | Semester: | Spring | Subject examined: | History of park and garden design | Courses: | 2 Hour(s) per week x 12 weeks | Type: | mandatory | Reference week || Passerelle HES - AR | 2026-2027 Spring semester | Semester: | Spring | Subject examined: | History of park and garden design | Courses: | 2 Hour(s) per week x 12 weeks | Type: | mandatory | Reference week | Mo | Tu | We | Th | Fr | 8-9 | 9-10 | 10-11 | 11-12 | 12-13
B045815-02,Cellular and Molecular Biology II,BIO-207,BIO-207,2028-29 Winter,True,Molecular and Cellular Biology II,LIFS3020,3.0,Cellular and Molecular Biology II | BIO-207 | Ref No.: B045815-02 | Valid till | 2028-29 Winter | Molecular and Cellular Biology II | LIFS3020 | 3 Credits,Cellular and molecular biology II,,English,https://edu.epfl.ch/studyplan/en/bachelor/life-sciences-engineering/coursebook/cellular-and-molecular-biology-ii-BIO-207,True,False,True,Life Sciences Engineering | 2026-2027 Bachelor semester 4 | Semester: | Spring | Exam form: | Written (summer session) | Subject examined: | Cellular and molecular biology II | Courses: | 2 Hour(s) per week x 14 weeks | Exercises: | 2 Hour(s) per week x 14 weeks | Type: | mandatory | Reference week | Mo | Tu | We | Th | Fr | 8-9
B003145-02,Biological Chemistry II,BIO213,BIO-213,2028-29 Winter,True,Chemical Biology for Engineers,BIEN2610,3.0,Biological Chemistry II | BIO213 | Ref No.: B003145-02 | Valid till | 2028-29 Winter | Chemical Biology for Engineers | BIEN2610 | 3 Credits,Biological chemistry II,,English,https://edu.epfl.ch/studyplan/en/bachelor/life-sciences-engineering/coursebook/biological-chemistry-ii-BIO-213,True,False,True,Life Sciences Engineering | 2026-2027 Bachelor semester 4 | Semester: | Spring | Exam form: | Written (summer session) | Subject examined: | Biological chemistry II | Courses: | 2 Hour(s) per week x 14 weeks | Exercises: | 2 Hour(s) per week x 14 weeks | Type: | mandatory | Reference week | Mo | Tu | We | Th | Fr | 8-9
B047060-02,Randomness and Information in Biological Data,BIO-369,BIO-369,2028-29 Winter,True,Common Core Broadening Group in Science,CORESCI,3.0,Randomness and Information in Biological Data | BIO-369 | Ref No.: B047060-02 | Valid till | 2028-29 Winter | Common Core Broadening Group in Science | CORESCI | 3 Credits,Randomness and information in biological data,,English,https://edu.epfl.ch/studyplan/en/bachelor/life-sciences-engineering/coursebook/randomness-and-information-in-biological-data-BIO-369,True,False,True,Life Sciences Engineering | 2026-2027 Bachelor semester 6 | Semester: | Spring | Exam form: | During the semester (summer session) | Subject examined: | Randomness and information in biological data | Courses: | 2 Hour(s) per week x 14 weeks | Exercises: | 2 Hour(s) per week x 14 weeks | Type: | optional | Life Sciences Engineering | 2026-2027 Master semester 2 | Semester: | Spring | Exam form: | During the semester (summer session) | Subject examined: || Life Sciences Engineering | 2026-2027 Master semester 2 | Semester: | Spring | Exam form: | During the semester (summer session) | Subject examined: | Randomness and information in biological data | Courses: | 2 Hour(s) per week x 14 weeks | Exercises: | 2 Hour(s) per week x 14 weeks | Type: | optional | Life Sciences Engineering | 2026-2027 Master semester 4 | Semester: | Spring | Exam form: | During the semester (summer session) | Subject examined: || Life Sciences Engineering | 2026-2027 Master semester 4 | Semester: | Spring | Exam form: | During the semester (summer session) | Subject examined: | Randomness and information in biological data | Courses: | 2 Hour(s) per week x 14 weeks | Exercises: | 2 Hour(s) per week x 14 weeks | Type: | optional | Computational and Quantitative Biology | 2026-2027 Doctoral School | Exam form: | During the semester (summer session) | Subject examined: | Randomness and information in biological data | Courses: || Computational and Quantitative Biology | 2026-2027 Doctoral School | Exam form: | During the semester (summer session) | Subject examined: | Randomness and information in biological data | Courses: | 2 Hour(s) per week x 14 weeks | Exercises: | 2 Hour(s) per week x 14 weeks | Type: | optional | Computational biology minor | 2026-2027 Spring semester | Semester: | Spring | Exam form: | During the semester (summer session) | Subject examined: | Randomness and information in biological data | Courses: || Computational biology minor | 2026-2027 Spring semester | Semester: | Spring | Exam form: | During the semester (summer session) | Subject examined: | Randomness and information in biological data | Courses: | 2 Hour(s) per week x 14 weeks | Exercises: | 2 Hour(s) per week x 14 weeks | Type: | optional | Minor in life sciences engineering | 2026-2027 Spring semester | Semester: | Spring | Exam form: | During the semester (summer session) | Subject examined: || Minor in life sciences engineering | 2026-2027 Spring semester | Semester: | Spring | Exam form: | During the semester (summer session) | Subject examined: | Randomness and information in biological data | Courses: | 2 Hour(s) per week x 14 weeks | Exercises: | 2 Hour(s) per week x 14 weeks | Type: | optional | Reference week | Mo | Tu | We | Th | Fr | 8-9
B047060-01,Randomness and Information in Biological Data,BIO-369,BIO-369,2028-29 Winter,True,Bioinformatics,LIFS3580,3.0,Randomness and Information in Biological Data | BIO-369 | Ref No.: B047060-01 | Valid till | 2028-29 Winter | Bioinformatics | LIFS3580 | 3 Credits,Randomness and information in biological data,,English,https://edu.epfl.ch/studyplan/en/bachelor/life-sciences-engineering/coursebook/randomness-and-information-in-biological-data-BIO-369,True,False,True,Life Sciences Engineering | 2026-2027 Bachelor semester 6 | Semester: | Spring | Exam form: | During the semester (summer session) | Subject examined: | Randomness and information in biological data | Courses: | 2 Hour(s) per week x 14 weeks | Exercises: | 2 Hour(s) per week x 14 weeks | Type: | optional | Life Sciences Engineering | 2026-2027 Master semester 2 | Semester: | Spring | Exam form: | During the semester (summer session) | Subject examined: || Life Sciences Engineering | 2026-2027 Master semester 2 | Semester: | Spring | Exam form: | During the semester (summer session) | Subject examined: | Randomness and information in biological data | Courses: | 2 Hour(s) per week x 14 weeks | Exercises: | 2 Hour(s) per week x 14 weeks | Type: | optional | Life Sciences Engineering | 2026-2027 Master semester 4 | Semester: | Spring | Exam form: | During the semester (summer session) | Subject examined: || Life Sciences Engineering | 2026-2027 Master semester 4 | Semester: | Spring | Exam form: | During the semester (summer session) | Subject examined: | Randomness and information in biological data | Courses: | 2 Hour(s) per week x 14 weeks | Exercises: | 2 Hour(s) per week x 14 weeks | Type: | optional | Computational and Quantitative Biology | 2026-2027 Doctoral School | Exam form: | During the semester (summer session) | Subject examined: | Randomness and information in biological data | Courses: || Computational and Quantitative Biology | 2026-2027 Doctoral School | Exam form: | During the semester (summer session) | Subject examined: | Randomness and information in biological data | Courses: | 2 Hour(s) per week x 14 weeks | Exercises: | 2 Hour(s) per week x 14 weeks | Type: | optional | Computational biology minor | 2026-2027 Spring semester | Semester: | Spring | Exam form: | During the semester (summer session) | Subject examined: | Randomness and information in biological data | Courses: || Computational biology minor | 2026-2027 Spring semester | Semester: | Spring | Exam form: | During the semester (summer session) | Subject examined: | Randomness and information in biological data | Courses: | 2 Hour(s) per week x 14 weeks | Exercises: | 2 Hour(s) per week x 14 weeks | Type: | optional | Minor in life sciences engineering | 2026-2027 Spring semester | Semester: | Spring | Exam form: | During the semester (summer session) | Subject examined: || Minor in life sciences engineering | 2026-2027 Spring semester | Semester: | Spring | Exam form: | During the semester (summer session) | Subject examined: | Randomness and information in biological data | Courses: | 2 Hour(s) per week x 14 weeks | Exercises: | 2 Hour(s) per week x 14 weeks | Type: | optional | Reference week | Mo | Tu | We | Th | Fr | 8-9
B045827-01,Microbiology,BIO-372,BIO-372,2028-29 Winter,True,Microbiology,LIFS3060,3.0,Microbiology | BIO-372 | Ref No.: B045827-01 | Valid till | 2028-29 Winter | Microbiology | LIFS3060 | 3 Credits,Microbiology,,English,https://edu.epfl.ch/studyplan/en/bachelor/life-sciences-engineering/coursebook/microbiology-BIO-372,True,False,True,Life Sciences Engineering | 2026-2027 Bachelor semester 6 | Semester: | Spring | Exam form: | During the semester (summer session) | Subject examined: | Microbiology | Courses: | 2 Hour(s) per week x 14 weeks | Exercises: | 2 Hour(s) per week x 14 weeks | Type: | optional | Reference week | Mo | Tu | We | Th | Fr | 8-9
B045829-01,Genomics and Bioinformatics,BIO-463,BIO-463,2028-29 Winter,True,General Genetics,LIFS3140,4.0,Genomics and Bioinformatics | BIO-463 | Ref No.: B045829-01 | Valid till | 2028-29 Winter | General Genetics | LIFS3140 | 4 Credits,Genomics and bioinformatics,,English,https://edu.epfl.ch/studyplan/en/doctoral_school/computational-and-quantitative-biology/coursebook/genomics-and-bioinformatics-BIO-463,True,False,True,Life Sciences Engineering | 2026-2027 Master semester 2 | Semester: | Spring | Exam form: | Written (summer session) | Subject examined: | Genomics and bioinformatics | Courses: | 2 Hour(s) per week x 14 weeks | Exercises: | 2 Hour(s) per week x 14 weeks | Type: | mandatory | Life Sciences Engineering | 2026-2027 Master semester 4 | Semester: | Spring | Exam form: | Written (summer session) | Subject examined: || Life Sciences Engineering | 2026-2027 Master semester 4 | Semester: | Spring | Exam form: | Written (summer session) | Subject examined: | Genomics and bioinformatics | Courses: | 2 Hour(s) per week x 14 weeks | Exercises: | 2 Hour(s) per week x 14 weeks | Type: | mandatory | Statistics | 2026-2027 Master semester 2 | Semester: | Spring | Exam form: | Written (summer session) | Subject examined: || Statistics | 2026-2027 Master semester 2 | Semester: | Spring | Exam form: | Written (summer session) | Subject examined: | Genomics and bioinformatics | Courses: | 2 Hour(s) per week x 14 weeks | Exercises: | 2 Hour(s) per week x 14 weeks | Type: | optional | Statistics | 2026-2027 Master semester 4 | Semester: | Spring | Exam form: | Written (summer session) | Subject examined: || Statistics | 2026-2027 Master semester 4 | Semester: | Spring | Exam form: | Written (summer session) | Subject examined: | Genomics and bioinformatics | Courses: | 2 Hour(s) per week x 14 weeks | Exercises: | 2 Hour(s) per week x 14 weeks | Type: | optional | Computational and Quantitative Biology | 2026-2027 Doctoral School | Exam form: | Written (summer session) | Subject examined: | Genomics and bioinformatics | Courses: || Computational and Quantitative Biology | 2026-2027 Doctoral School | Exam form: | Written (summer session) | Subject examined: | Genomics and bioinformatics | Courses: | 2 Hour(s) per week x 14 weeks | Exercises: | 2 Hour(s) per week x 14 weeks | Type: | optional | Minor in life sciences engineering | 2026-2027 Spring semester | Semester: | Spring | Exam form: | Written (summer session) | Subject examined: | Genomics and bioinformatics | Courses: || Minor in life sciences engineering | 2026-2027 Spring semester | Semester: | Spring | Exam form: | Written (summer session) | Subject examined: | Genomics and bioinformatics | Courses: | 2 Hour(s) per week x 14 weeks | Exercises: | 2 Hour(s) per week x 14 weeks | Type: | optional | Minor in statistics | 2026-2027 Spring semester | Semester: | Spring | Exam form: | Written (summer session) | Subject examined: || Minor in statistics | 2026-2027 Spring semester | Semester: | Spring | Exam form: | Written (summer session) | Subject examined: | Genomics and bioinformatics | Courses: | 2 Hour(s) per week x 14 weeks | Exercises: | 2 Hour(s) per week x 14 weeks | Type: | optional | Systems Engineering minor | 2026-2027 Spring semester | Semester: | Spring | Exam form: | Written (summer session) | Subject examined: || Systems Engineering minor | 2026-2027 Spring semester | Semester: | Spring | Exam form: | Written (summer session) | Subject examined: | Genomics and bioinformatics | Courses: | 2 Hour(s) per week x 14 weeks | Exercises: | 2 Hour(s) per week x 14 weeks | Type: | optional | Reference week | Mo | Tu | We | Th | Fr | 8-9
B045831-01,Cancer Biology II,BIO-472,BIO-472,2028-29 Winter,True,Cancer Biology,LIFS4140,3.0,Cancer Biology II | BIO-472 | Ref No.: B045831-01 | Valid till | 2028-29 Winter | Cancer Biology | LIFS4140 | 3 Credits,Cancer biology II,,English,https://edu.epfl.ch/studyplan/en/master/life-sciences-engineering/coursebook/cancer-biology-ii-BIO-472,True,False,True,Life Sciences Engineering | 2026-2027 Master semester 2 | Semester: | Spring | Exam form: | During the semester (summer session) | Subject examined: | Cancer biology II | Courses: | 3 Hour(s) per week x 14 weeks | Exercises: | 2 Hour(s) per week x 14 weeks | Type: | optional | Life Sciences Engineering | 2026-2027 Master semester 4 | Semester: | Spring | Exam form: | During the semester (summer session) | Subject examined: || Life Sciences Engineering | 2026-2027 Master semester 4 | Semester: | Spring | Exam form: | During the semester (summer session) | Subject examined: | Cancer biology II | Courses: | 3 Hour(s) per week x 14 weeks | Exercises: | 2 Hour(s) per week x 14 weeks | Type: | optional | Reference week | Mo | Tu | We | Th | Fr | 8-9
B045830-01,Neuroscience: Behavior and Cognition,BIO-483,BIO-483,2028-29 Winter,True,Introduction to Neurobiology,LIFS3240,3.0,Neuroscience: Behavior and Cognition | BIO-483 | Ref No.: B045830-01 | Valid till | 2028-29 Winter | Introduction to Neurobiology | LIFS3240 | 3 Credits,Neuroscience: behavior and cognition,,English,https://edu.epfl.ch/studyplan/en/doctoral_school/neuroscience/coursebook/neuroscience-behavior-and-cognition-BIO-483,True,False,True,Life Sciences Engineering | 2026-2027 Master semester 2 | Semester: | Spring | Exam form: | Written (summer session) | Subject examined: | Neuroscience: behavior and cognition | Courses: | 3 Hour(s) per week x 14 weeks | Exercises: | 2 Hour(s) per week x 14 weeks | Type: | optional | Life Sciences Engineering | 2026-2027 Master semester 4 | Semester: | Spring | Exam form: | Written (summer session) | Subject examined: || Life Sciences Engineering | 2026-2027 Master semester 4 | Semester: | Spring | Exam form: | Written (summer session) | Subject examined: | Neuroscience: behavior and cognition | Courses: | 3 Hour(s) per week x 14 weeks | Exercises: | 2 Hour(s) per week x 14 weeks | Type: | optional | Neuro-X | 2026-2027 Master semester 2 | Semester: | Spring | Exam form: | Written (summer session) | Subject examined: || Neuro-X | 2026-2027 Master semester 2 | Semester: | Spring | Exam form: | Written (summer session) | Subject examined: | Neuroscience: behavior and cognition | Courses: | 3 Hour(s) per week x 14 weeks | Exercises: | 2 Hour(s) per week x 14 weeks | Type: | optional | Neuro-X | 2026-2027 Master semester 4 | Semester: | Spring | Exam form: | Written (summer session) | Subject examined: || Neuro-X | 2026-2027 Master semester 4 | Semester: | Spring | Exam form: | Written (summer session) | Subject examined: | Neuroscience: behavior and cognition | Courses: | 3 Hour(s) per week x 14 weeks | Exercises: | 2 Hour(s) per week x 14 weeks | Type: | optional | Neuro-X minor | 2026-2027 Spring semester | Semester: | Spring | Exam form: | Written (summer session) | Subject examined: || Neuro-X minor | 2026-2027 Spring semester | Semester: | Spring | Exam form: | Written (summer session) | Subject examined: | Neuroscience: behavior and cognition | Courses: | 3 Hour(s) per week x 14 weeks | Exercises: | 2 Hour(s) per week x 14 weeks | Type: | optional | Neuroscience | 2026-2027 Doctoral School | Exam form: | Written (summer session) | Subject examined: | Neuroscience: behavior and cognition | Courses:
B047905-02,New Tools & Research Strategies in Personalized Health,BIO-491,BIO-491,2028-29 Winter,True,Common Core Broadening Group in Science,CORESCI,3.0,New Tools & Research Strategies in Personalized Health | BIO-491 | Ref No.: B047905-02 | Valid till | 2028-29 Winter | Common Core Broadening Group in Science | CORESCI | 3 Credits,New tools & research strategies in personalized health,,English,https://edu.epfl.ch/studyplan/en/master/life-sciences-engineering/coursebook/new-tools-research-strategies-in-personalized-health-BIO-491,True,False,True,Life Sciences Engineering | 2026-2027 Master semester 2 | Semester: | Spring | Exam form: | During the semester (summer session) | Subject examined: | New tools & research strategies in personalized health | Courses: | 2 Hour(s) per week x 14 weeks | Project: | 2 Hour(s) per week x 14 weeks | Type: | optional | Life Sciences Engineering | 2026-2027 Master semester 4 | Semester: | Spring | Exam form: | During the semester (summer session) | Subject examined: || Life Sciences Engineering | 2026-2027 Master semester 4 | Semester: | Spring | Exam form: | During the semester (summer session) | Subject examined: | New tools & research strategies in personalized health | Courses: | 2 Hour(s) per week x 14 weeks | Project: | 2 Hour(s) per week x 14 weeks | Type: | optional | Biomedical technologies minor | 2026-2027 Spring semester | Semester: | Spring | Exam form: | During the semester (summer session) | Subject examined: || Biomedical technologies minor | 2026-2027 Spring semester | Semester: | Spring | Exam form: | During the semester (summer session) | Subject examined: | New tools & research strategies in personalized health | Courses: | 2 Hour(s) per week x 14 weeks | Project: | 2 Hour(s) per week x 14 weeks | Type: | optional | Biotechnology minor | 2026-2027 Spring semester | Semester: | Spring | Exam form: | During the semester (summer session) | Subject examined: || Biotechnology minor | 2026-2027 Spring semester | Semester: | Spring | Exam form: | During the semester (summer session) | Subject examined: | New tools & research strategies in personalized health | Courses: | 2 Hour(s) per week x 14 weeks | Project: | 2 Hour(s) per week x 14 weeks | Type: | optional | Minor in life sciences engineering | 2026-2027 Spring semester | Semester: | Spring | Exam form: | During the semester (summer session) | Subject examined: || Minor in life sciences engineering | 2026-2027 Spring semester | Semester: | Spring | Exam form: | During the semester (summer session) | Subject examined: | New tools & research strategies in personalized health | Courses: | 2 Hour(s) per week x 14 weeks | Project: | 2 Hour(s) per week x 14 weeks | Type: | optional | Reference week | Mo | Tu | We | Th | Fr | 8-9
B047905-04,New Tools & Research Strategies in Personalized Health,BIO-491,BIO-491,2028-29 Winter,True,Common Core Broadening Group in Technology,CORETECH,3.0,New Tools & Research Strategies in Personalized Health | BIO-491 | Ref No.: B047905-04 | Valid till | 2028-29 Winter | Common Core Broadening Group in Technology | CORETECH | 3 Credits,New tools & research strategies in personalized health,,English,https://edu.epfl.ch/studyplan/en/master/life-sciences-engineering/coursebook/new-tools-research-strategies-in-personalized-health-BIO-491,True,False,True,Life Sciences Engineering | 2026-2027 Master semester 2 | Semester: | Spring | Exam form: | During the semester (summer session) | Subject examined: | New tools & research strategies in personalized health | Courses: | 2 Hour(s) per week x 14 weeks | Project: | 2 Hour(s) per week x 14 weeks | Type: | optional | Life Sciences Engineering | 2026-2027 Master semester 4 | Semester: | Spring | Exam form: | During the semester (summer session) | Subject examined: || Life Sciences Engineering | 2026-2027 Master semester 4 | Semester: | Spring | Exam form: | During the semester (summer session) | Subject examined: | New tools & research strategies in personalized health | Courses: | 2 Hour(s) per week x 14 weeks | Project: | 2 Hour(s) per week x 14 weeks | Type: | optional | Biomedical technologies minor | 2026-2027 Spring semester | Semester: | Spring | Exam form: | During the semester (summer session) | Subject examined: || Biomedical technologies minor | 2026-2027 Spring semester | Semester: | Spring | Exam form: | During the semester (summer session) | Subject examined: | New tools & research strategies in personalized health | Courses: | 2 Hour(s) per week x 14 weeks | Project: | 2 Hour(s) per week x 14 weeks | Type: | optional | Biotechnology minor | 2026-2027 Spring semester | Semester: | Spring | Exam form: | During the semester (summer session) | Subject examined: || Biotechnology minor | 2026-2027 Spring semester | Semester: | Spring | Exam form: | During the semester (summer session) | Subject examined: | New tools & research strategies in personalized health | Courses: | 2 Hour(s) per week x 14 weeks | Project: | 2 Hour(s) per week x 14 weeks | Type: | optional | Minor in life sciences engineering | 2026-2027 Spring semester | Semester: | Spring | Exam form: | During the semester (summer session) | Subject examined: || Minor in life sciences engineering | 2026-2027 Spring semester | Semester: | Spring | Exam form: | During the semester (summer session) | Subject examined: | New tools & research strategies in personalized health | Courses: | 2 Hour(s) per week x 14 weeks | Project: | 2 Hour(s) per week x 14 weeks | Type: | optional | Reference week | Mo | Tu | We | Th | Fr | 8-9
B047905-01,New Tools & Research Strategies in Personalized Health,BIO-491,BIO-491,2028-29 Winter,True,Seminar Enrichment Course,LIFS6410,1.0,New Tools & Research Strategies in Personalized Health | BIO-491 | Ref No.: B047905-01 | Valid till | 2028-29 Winter | Seminar Enrichment Course | LIFS6410 | 1 Credit,New tools & research strategies in personalized health,,English,https://edu.epfl.ch/studyplan/en/master/life-sciences-engineering/coursebook/new-tools-research-strategies-in-personalized-health-BIO-491,True,False,True,Life Sciences Engineering | 2026-2027 Master semester 2 | Semester: | Spring | Exam form: | During the semester (summer session) | Subject examined: | New tools & research strategies in personalized health | Courses: | 2 Hour(s) per week x 14 weeks | Project: | 2 Hour(s) per week x 14 weeks | Type: | optional | Life Sciences Engineering | 2026-2027 Master semester 4 | Semester: | Spring | Exam form: | During the semester (summer session) | Subject examined: || Life Sciences Engineering | 2026-2027 Master semester 4 | Semester: | Spring | Exam form: | During the semester (summer session) | Subject examined: | New tools & research strategies in personalized health | Courses: | 2 Hour(s) per week x 14 weeks | Project: | 2 Hour(s) per week x 14 weeks | Type: | optional | Biomedical technologies minor | 2026-2027 Spring semester | Semester: | Spring | Exam form: | During the semester (summer session) | Subject examined: || Biomedical technologies minor | 2026-2027 Spring semester | Semester: | Spring | Exam form: | During the semester (summer session) | Subject examined: | New tools & research strategies in personalized health | Courses: | 2 Hour(s) per week x 14 weeks | Project: | 2 Hour(s) per week x 14 weeks | Type: | optional | Biotechnology minor | 2026-2027 Spring semester | Semester: | Spring | Exam form: | During the semester (summer session) | Subject examined: || Biotechnology minor | 2026-2027 Spring semester | Semester: | Spring | Exam form: | During the semester (summer session) | Subject examined: | New tools & research strategies in personalized health | Courses: | 2 Hour(s) per week x 14 weeks | Project: | 2 Hour(s) per week x 14 weeks | Type: | optional | Minor in life sciences engineering | 2026-2027 Spring semester | Semester: | Spring | Exam form: | During the semester (summer session) | Subject examined: || Minor in life sciences engineering | 2026-2027 Spring semester | Semester: | Spring | Exam form: | During the semester (summer session) | Subject examined: | New tools & research strategies in personalized health | Courses: | 2 Hour(s) per week x 14 weeks | Project: | 2 Hour(s) per week x 14 weeks | Type: | optional | Reference week | Mo | Tu | We | Th | Fr | 8-9
B045823-01,Biological Data Science I: Statistical Learning,BIOENG-210,BIOENG-210,2028-29 Winter,True,Data Science for Biology and Medicine,BIEN3320,3.0,Biological Data Science I: Statistical Learning | BIOENG-210 | Ref No.: B045823-01 | Valid till | 2028-29 Winter | Data Science for Biology and Medicine | BIEN3320 | 3 Credits,Biological data science I: statistical learning,,English,https://edu.epfl.ch/studyplan/en/bachelor/life-sciences-engineering/coursebook/biological-data-science-i-statistical-learning-BIOENG-210,True,False,True,Life Sciences Engineering | 2026-2027 Bachelor semester 4 | Semester: | Spring | Exam form: | Written (summer session) | Subject examined: | Biological data science I: statistical learning | Courses: | 2 Hour(s) per week x 14 weeks | Exercises: | 2 Hour(s) per week x 14 weeks | Type: | mandatory | Reference week | Mo | Tu | We | Th | Fr | 8-9
B045823-02,Biological Data Science I: Statistical Learning,BIOENG-210,BIOENG-210,2028-29 Winter,True,Data Science for Biology and Medicine,LIFS4320,3.0,Biological Data Science I: Statistical Learning | BIOENG-210 | Ref No.: B045823-02 | Valid till | 2028-29 Winter | Data Science for Biology and Medicine | LIFS4320 | 3 Credits,Biological data science I: statistical learning,,English,https://edu.epfl.ch/studyplan/en/bachelor/life-sciences-engineering/coursebook/biological-data-science-i-statistical-learning-BIOENG-210,True,False,True,Life Sciences Engineering | 2026-2027 Bachelor semester 4 | Semester: | Spring | Exam form: | Written (summer session) | Subject examined: | Biological data science I: statistical learning | Courses: | 2 Hour(s) per week x 14 weeks | Exercises: | 2 Hour(s) per week x 14 weeks | Type: | mandatory | Reference week | Mo | Tu | We | Th | Fr | 8-9
B047995-03,Immunoengineering,BIOENG399,BIOENG-399,2028-29 Winter,True,3000-level Course in Life Science,LIFS3000SCCORE,3.0,Immunoengineering | BIOENG399 | Ref No.: B047995-03 | Valid till | 2028-29 Winter | 3000-level Course in Life Science | LIFS3000SCCORE | 3 Credits,Immunoengineering,,English,https://edu.epfl.ch/studyplan/en/bachelor/life-sciences-engineering/coursebook/immunoengineering-BIOENG-399,True,False,True,Life Sciences Engineering | 2026-2027 Bachelor semester 6 | Semester: | Spring | Exam form: | Written (summer session) | Subject examined: | Immunoengineering | Courses: | 2 Hour(s) per week x 14 weeks | Exercises: | 2 Hour(s) per week x 14 weeks | Type: | optional | Life Sciences Engineering | 2026-2027 Master semester 2 | Semester: | Spring | Exam form: | Written (summer session) | Subject examined: || Life Sciences Engineering | 2026-2027 Master semester 2 | Semester: | Spring | Exam form: | Written (summer session) | Subject examined: | Immunoengineering | Courses: | 2 Hour(s) per week x 14 weeks | Exercises: | 2 Hour(s) per week x 14 weeks | Type: | optional | Life Sciences Engineering | 2026-2027 Master semester 4 | Semester: | Spring | Exam form: | Written (summer session) | Subject examined: || Life Sciences Engineering | 2026-2027 Master semester 4 | Semester: | Spring | Exam form: | Written (summer session) | Subject examined: | Immunoengineering | Courses: | 2 Hour(s) per week x 14 weeks | Exercises: | 2 Hour(s) per week x 14 weeks | Type: | optional | Materials Science and Engineering | 2026-2027 Master semester 2 | Semester: | Spring | Exam form: | Written (summer session) | Subject examined: || Materials Science and Engineering | 2026-2027 Master semester 2 | Semester: | Spring | Exam form: | Written (summer session) | Subject examined: | Immunoengineering | Courses: | 2 Hour(s) per week x 14 weeks | Exercises: | 2 Hour(s) per week x 14 weeks | Type: | optional | Materials Science and Engineering | 2026-2027 Master semester 4 | Semester: | Spring | Exam form: | Written (summer session) | Subject examined: || Materials Science and Engineering | 2026-2027 Master semester 4 | Semester: | Spring | Exam form: | Written (summer session) | Subject examined: | Immunoengineering | Courses: | 2 Hour(s) per week x 14 weeks | Exercises: | 2 Hour(s) per week x 14 weeks | Type: | optional | Biotechnology minor | 2026-2027 Spring semester | Semester: | Spring | Exam form: | Written (summer session) | Subject examined: || Biotechnology minor | 2026-2027 Spring semester | Semester: | Spring | Exam form: | Written (summer session) | Subject examined: | Immunoengineering | Courses: | 2 Hour(s) per week x 14 weeks | Exercises: | 2 Hour(s) per week x 14 weeks | Type: | optional | Computational and Quantitative Biology | 2026-2027 Doctoral School | Exam form: | Written (summer session) | Subject examined: | Immunoengineering | Courses:
B033564-03,Experimental Biochemistry and Biophysics,CH319,CH-319,2027-28 Winter,True,Bioanalytical Techniques,CHEM4340,3.0,Experimental Biochemistry and Biophysics | CH319 | Ref No.: B033564-03 | Valid till | 2027-28 Winter | Bioanalytical Techniques | CHEM4340 | 3 Credits,Experimental biochemistry and biophysics,,English,https://edu.epfl.ch/studyplan/en/bachelor/chemistry/coursebook/experimental-biochemistry-and-biophysics-CH-319,True,False,True,Chemistry | 2026-2027 Bachelor semester 6 | Semester: | Spring | Exam form: | During the semester (summer session) | Subject examined: | Experimental biochemistry and biophysics | TP: | 6 Hour(s) per week x 14 weeks | Type: | mandatory | Biotechnology minor | 2026-2027 Spring semester | Semester: | Spring | Exam form: | During the semester (summer session) | Subject examined: | Experimental biochemistry and biophysics | TP: || Biotechnology minor | 2026-2027 Spring semester | Semester: | Spring | Exam form: | During the semester (summer session) | Subject examined: | Experimental biochemistry and biophysics | TP: | 6 Hour(s) per week x 14 weeks | Type: | optional | Reference week | Mo | Tu | We | Th | Fr | 8-9 | 9-10 | 10-11
B050011-02,Advanced Probability and Applications,COM-417,COM-417,2028-29 Summer,True,Common Core Broadening Group in Science,CORESCI,4.0,Advanced Probability and Applications | COM-417 | Ref No.: B050011-02 | Valid till | 2028-29 Summer | Common Core Broadening Group in Science | CORESCI | 4 Credits,Advanced probability and applications,,English,https://edu.epfl.ch/studyplan/en/doctoral_school/computer-and-communication-sciences/coursebook/advanced-probability-and-applications-COM-417,True,False,True,Communication Systems - master program | 2026-2027 Master semester 2 | Semester: | Spring | Exam form: | Written (summer session) | Subject examined: | Advanced probability and applications | Courses: | 4 Hour(s) per week x 14 weeks | Exercises: | 2 Hour(s) per week x 14 weeks | Type: | mandatory | Communication Systems - master program | 2026-2027 Master semester 4 | Semester: | Spring | Exam form: | Written (summer session) | Subject examined: || Communication Systems - master program | 2026-2027 Master semester 4 | Semester: | Spring | Exam form: | Written (summer session) | Subject examined: | Advanced probability and applications | Courses: | 4 Hour(s) per week x 14 weeks | Exercises: | 2 Hour(s) per week x 14 weeks | Type: | mandatory | Computer Science - Cybersecurity | 2026-2027 Master semester 2 | Semester: | Spring | Exam form: | Written (summer session) | Subject examined: || Computer Science - Cybersecurity | 2026-2027 Master semester 2 | Semester: | Spring | Exam form: | Written (summer session) | Subject examined: | Advanced probability and applications | Courses: | 4 Hour(s) per week x 14 weeks | Exercises: | 2 Hour(s) per week x 14 weeks | Type: | optional | Computer Science - Cybersecurity | 2026-2027 Master semester 4 | Semester: | Spring | Exam form: | Written (summer session) | Subject examined: || Computer Science - Cybersecurity | 2026-2027 Master semester 4 | Semester: | Spring | Exam form: | Written (summer session) | Subject examined: | Advanced probability and applications | Courses: | 4 Hour(s) per week x 14 weeks | Exercises: | 2 Hour(s) per week x 14 weeks | Type: | optional | Computer Science | 2026-2027 Master semester 2 | Semester: | Spring | Exam form: | Written (summer session) | Subject examined: || Computer Science | 2026-2027 Master semester 2 | Semester: | Spring | Exam form: | Written (summer session) | Subject examined: | Advanced probability and applications | Courses: | 4 Hour(s) per week x 14 weeks | Exercises: | 2 Hour(s) per week x 14 weeks | Type: | mandatory | Computer Science | 2026-2027 Master semester 4 | Semester: | Spring | Exam form: | Written (summer session) | Subject examined: || Computer Science | 2026-2027 Master semester 4 | Semester: | Spring | Exam form: | Written (summer session) | Subject examined: | Advanced probability and applications | Courses: | 4 Hour(s) per week x 14 weeks | Exercises: | 2 Hour(s) per week x 14 weeks | Type: | mandatory | Data Science | 2026-2027 Master semester 2 | Semester: | Spring | Exam form: | Written (summer session) | Subject examined: || Data Science | 2026-2027 Master semester 2 | Semester: | Spring | Exam form: | Written (summer session) | Subject examined: | Advanced probability and applications | Courses: | 4 Hour(s) per week x 14 weeks | Exercises: | 2 Hour(s) per week x 14 weeks | Type: | optional | Data Science | 2026-2027 Master semester 4 | Semester: | Spring | Exam form: | Written (summer session) | Subject examined: || Data Science | 2026-2027 Master semester 4 | Semester: | Spring | Exam form: | Written (summer session) | Subject examined: | Advanced probability and applications | Courses: | 4 Hour(s) per week x 14 weeks | Exercises: | 2 Hour(s) per week x 14 weeks | Type: | optional | Computer and Communication Sciences | 2026-2027 Doctoral School | Exam form: | Written (summer session) | Subject examined: | Advanced probability and applications | Courses: || Computer and Communication Sciences | 2026-2027 Doctoral School | Exam form: | Written (summer session) | Subject examined: | Advanced probability and applications | Courses: | 4 Hour(s) per week x 14 weeks | Exercises: | 2 Hour(s) per week x 14 weeks | Type: | mandatory | Data science minor | 2026-2027 Spring semester | Semester: | Spring | Exam form: | Written (summer session) | Subject examined: | Advanced probability and applications | Courses: || Data science minor | 2026-2027 Spring semester | Semester: | Spring | Exam form: | Written (summer session) | Subject examined: | Advanced probability and applications | Courses: | 4 Hour(s) per week x 14 weeks | Exercises: | 2 Hour(s) per week x 14 weeks | Type: | optional | Electrical Engineering | 2026-2027 Doctoral School | Exam form: | Written (summer session) | Subject examined: | Advanced probability and applications | Courses:
B048287-02,Data Visualization,COM480,COM-480,2028-29 Winter,True,Common Core Broadening Group in Technology,CORETECH,3.0,Data Visualization | COM480 | Ref No.: B048287-02 | Valid till | 2028-29 Winter | Common Core Broadening Group in Technology | CORETECH | 3 Credits,Data visualization,,English,https://edu.epfl.ch/studyplan/en/doctoral_school/computational-and-quantitative-biology/coursebook/data-visualization-COM-480,True,False,True,Communication Systems - master program | 2026-2027 Master semester 2 | Semester: | Spring | Exam form: | During the semester (summer session) | Subject examined: | Data visualization | Courses: | 2 Hour(s) per week x 14 weeks | Project: | 2 Hour(s) per week x 14 weeks | Type: | optional | Communication Systems - master program | 2026-2027 Master semester 4 | Semester: | Spring | Exam form: | During the semester (summer session) | Subject examined: || Communication Systems - master program | 2026-2027 Master semester 4 | Semester: | Spring | Exam form: | During the semester (summer session) | Subject examined: | Data visualization | Courses: | 2 Hour(s) per week x 14 weeks | Project: | 2 Hour(s) per week x 14 weeks | Type: | optional | Computer Science - Cybersecurity | 2026-2027 Master semester 2 | Semester: | Spring | Exam form: | During the semester (summer session) | Subject examined: || Computer Science - Cybersecurity | 2026-2027 Master semester 2 | Semester: | Spring | Exam form: | During the semester (summer session) | Subject examined: | Data visualization | Courses: | 2 Hour(s) per week x 14 weeks | Project: | 2 Hour(s) per week x 14 weeks | Type: | optional | Computer Science - Cybersecurity | 2026-2027 Master semester 4 | Semester: | Spring | Exam form: | During the semester (summer session) | Subject examined: || Computer Science - Cybersecurity | 2026-2027 Master semester 4 | Semester: | Spring | Exam form: | During the semester (summer session) | Subject examined: | Data visualization | Courses: | 2 Hour(s) per week x 14 weeks | Project: | 2 Hour(s) per week x 14 weeks | Type: | optional | Computer Science | 2026-2027 Master semester 2 | Semester: | Spring | Exam form: | During the semester (summer session) | Subject examined: || Computer Science | 2026-2027 Master semester 2 | Semester: | Spring | Exam form: | During the semester (summer session) | Subject examined: | Data visualization | Courses: | 2 Hour(s) per week x 14 weeks | Project: | 2 Hour(s) per week x 14 weeks | Type: | optional | Computer Science | 2026-2027 Master semester 4 | Semester: | Spring | Exam form: | During the semester (summer session) | Subject examined: || Computer Science | 2026-2027 Master semester 4 | Semester: | Spring | Exam form: | During the semester (summer session) | Subject examined: | Data visualization | Courses: | 2 Hour(s) per week x 14 weeks | Project: | 2 Hour(s) per week x 14 weeks | Type: | optional | Data Science | 2026-2027 Master semester 2 | Semester: | Spring | Exam form: | During the semester (summer session) | Subject examined: || Data Science | 2026-2027 Master semester 2 | Semester: | Spring | Exam form: | During the semester (summer session) | Subject examined: | Data visualization | Courses: | 2 Hour(s) per week x 14 weeks | Project: | 2 Hour(s) per week x 14 weeks | Type: | optional | Data Science | 2026-2027 Master semester 4 | Semester: | Spring | Exam form: | During the semester (summer session) | Subject examined: || Data Science | 2026-2027 Master semester 4 | Semester: | Spring | Exam form: | During the semester (summer session) | Subject examined: | Data visualization | Courses: | 2 Hour(s) per week x 14 weeks | Project: | 2 Hour(s) per week x 14 weeks | Type: | optional | Digital Humanities | 2026-2027 Master semester 2 | Semester: | Spring | Exam form: | During the semester (summer session) | Subject examined: || Digital Humanities | 2026-2027 Master semester 2 | Semester: | Spring | Exam form: | During the semester (summer session) | Subject examined: | Data visualization | Courses: | 2 Hour(s) per week x 14 weeks | Project: | 2 Hour(s) per week x 14 weeks | Type: | optional | Digital Humanities | 2026-2027 Master semester 4 | Semester: | Spring | Exam form: | During the semester (summer session) | Subject examined: || Digital Humanities | 2026-2027 Master semester 4 | Semester: | Spring | Exam form: | During the semester (summer session) | Subject examined: | Data visualization | Courses: | 2 Hour(s) per week x 14 weeks | Project: | 2 Hour(s) per week x 14 weeks | Type: | optional | Electrical and Electronics Engineering | 2026-2027 Master semester 2 | Semester: | Spring | Exam form: | During the semester (summer session) | Subject examined:
B045604-01,Fundamentals of Digital Systems,CS173,CS-173,2028-29 Winter,True,Common Core Broadening Group in Technology,CORETECH,4.0,Fundamentals of Digital Systems | CS173 | Ref No.: B045604-01 | Valid till | 2028-29 Winter | Common Core Broadening Group in Technology | CORETECH | 4 Credits,Fundamentals of digital systems,,English,https://edu.epfl.ch/studyplan/en/minor/computer-science-minor/coursebook/fundamentals-of-digital-systems-CS-173,True,False,True,Computer Science | 2026-2027 Bachelor semester 2 | Semester: | Spring | Exam form: | Written (summer session) | Subject examined: | Fundamentals of digital systems | Courses: | 3 Hour(s) per week x 14 weeks | Exercises: | 4 Hour(s) per week x 14 weeks | Type: | mandatory | Communication Systems | 2026-2027 Bachelor semester 2 | Semester: | Spring | Exam form: | Written (summer session) | Subject examined: || Communication Systems | 2026-2027 Bachelor semester 2 | Semester: | Spring | Exam form: | Written (summer session) | Subject examined: | Fundamentals of digital systems | Courses: | 3 Hour(s) per week x 14 weeks | Exercises: | 4 Hour(s) per week x 14 weeks | Type: | mandatory | Computer science minor | 2026-2027 Spring semester | Semester: | Spring | Exam form: | Written (summer session) | Subject examined: || Computer science minor | 2026-2027 Spring semester | Semester: | Spring | Exam form: | Written (summer session) | Subject examined: | Fundamentals of digital systems | Courses: | 3 Hour(s) per week x 14 weeks | Exercises: | 4 Hour(s) per week x 14 weeks | Type: | optional | Reference week | Mo | Tu | We | Th | Fr | 8-9
B045604-02,Fundamentals of Digital Systems,CS173,CS-173,2028-29 Winter,True,Digital Fundamentals and System Design,ELEC3310,4.0,Fundamentals of Digital Systems | CS173 | Ref No.: B045604-02 | Valid till | 2028-29 Winter | Digital Fundamentals and System Design | ELEC3310 | 4 Credits,Fundamentals of digital systems,,English,https://edu.epfl.ch/studyplan/en/minor/computer-science-minor/coursebook/fundamentals-of-digital-systems-CS-173,True,False,True,Computer Science | 2026-2027 Bachelor semester 2 | Semester: | Spring | Exam form: | Written (summer session) | Subject examined: | Fundamentals of digital systems | Courses: | 3 Hour(s) per week x 14 weeks | Exercises: | 4 Hour(s) per week x 14 weeks | Type: | mandatory | Communication Systems | 2026-2027 Bachelor semester 2 | Semester: | Spring | Exam form: | Written (summer session) | Subject examined: || Communication Systems | 2026-2027 Bachelor semester 2 | Semester: | Spring | Exam form: | Written (summer session) | Subject examined: | Fundamentals of digital systems | Courses: | 3 Hour(s) per week x 14 weeks | Exercises: | 4 Hour(s) per week x 14 weeks | Type: | mandatory | Computer science minor | 2026-2027 Spring semester | Semester: | Spring | Exam form: | Written (summer session) | Subject examined: || Computer science minor | 2026-2027 Spring semester | Semester: | Spring | Exam form: | Written (summer session) | Subject examined: | Fundamentals of digital systems | Courses: | 3 Hour(s) per week x 14 weeks | Exercises: | 4 Hour(s) per week x 14 weeks | Type: | optional | Reference week | Mo | Tu | We | Th | Fr | 8-9
B043421-02,Computer Systems,CS202,CS-202,2027-28 Winter,True,Computer Science Track Course,COMPS&N,3.0,Computer Systems | CS202 | Ref No.: B043421-02 | Valid till | 2027-28 Winter | Computer Science Track Course | COMPS&N | 3 Credits,Computer systems,,English,https://edu.epfl.ch/studyplan/en/bachelor/communication-systems/coursebook/computer-systems-CS-202,True,False,True,Computer Science | 2026-2027 Bachelor semester 4 | Semester: | Spring | Exam form: | Written (summer session) | Subject examined: | Computer systems | Courses: | 4 Hour(s) per week x 14 weeks | Exercises: | 2 Hour(s) per week x 14 weeks | Lab: | 2 Hour(s) per week x 14 weeks | Type: | mandatory | Communication Systems | 2026-2027 Bachelor semester 4 | Semester: | Spring | Exam form: || Communication Systems | 2026-2027 Bachelor semester 4 | Semester: | Spring | Exam form: | Written (summer session) | Subject examined: | Computer systems | Courses: | 4 Hour(s) per week x 14 weeks | Exercises: | 2 Hour(s) per week x 14 weeks | Lab: | 2 Hour(s) per week x 14 weeks | Type: | mandatory | Passerelle HES - IC | 2026-2027 Spring semester | Semester: | Spring | Exam form: || Passerelle HES - IC | 2026-2027 Spring semester | Semester: | Spring | Exam form: | Written (summer session) | Subject examined: | Computer systems | Courses: | 4 Hour(s) per week x 14 weeks | Exercises: | 2 Hour(s) per week x 14 weeks | Lab: | 2 Hour(s) per week x 14 weeks | Type: | optional | Computer science minor | 2026-2027 Spring semester | Semester: | Spring | Exam form: || Computer science minor | 2026-2027 Spring semester | Semester: | Spring | Exam form: | Written (summer session) | Subject examined: | Computer systems | Courses: | 4 Hour(s) per week x 14 weeks | Exercises: | 2 Hour(s) per week x 14 weeks | Lab: | 2 Hour(s) per week x 14 weeks | Type: | optional | Cyber security minor | 2026-2027 Spring semester | Semester: | Spring | Exam form: || Cyber security minor | 2026-2027 Spring semester | Semester: | Spring | Exam form: | Written (summer session) | Subject examined: | Computer systems | Courses: | 4 Hour(s) per week x 14 weeks | Exercises: | 2 Hour(s) per week x 14 weeks | Lab: | 2 Hour(s) per week x 14 weeks | Type: | optional | Reference week | Mo | Tu | We | Th
B045488-03,Introduction to Machine Learning,CS233,CS-233,2027-28 Winter,True,Computer Science Track Course,COMPA&T,3.0,Introduction to Machine Learning | CS233 | Ref No.: B045488-03 | Valid till | 2027-28 Winter | Computer Science Track Course | COMPA&T | 3 Credits,Introduction to machine learning,,English,https://edu.epfl.ch/studyplan/en/bachelor/communication-systems/coursebook/introduction-to-machine-learning-CS-233,True,False,True,Computer Science | 2026-2027 Bachelor semester 4 | Semester: | Spring | Exam form: | Written (summer session) | Subject examined: | Introduction to machine learning | Courses: | 2 Hour(s) per week x 14 weeks | Exercises: | 2 Hour(s) per week x 14 weeks | Project: | 2 Hour(s) per week x 14 weeks | Type: | optional | Communication Systems | 2026-2027 Bachelor semester 4 | Semester: | Spring | Exam form: || Communication Systems | 2026-2027 Bachelor semester 4 | Semester: | Spring | Exam form: | Written (summer session) | Subject examined: | Introduction to machine learning | Courses: | 2 Hour(s) per week x 14 weeks | Exercises: | 2 Hour(s) per week x 14 weeks | Project: | 2 Hour(s) per week x 14 weeks | Type: | mandatory | Environmental Sciences and Engineering | 2026-2027 Bachelor semester 6 | Semester: | Spring | Exam form: || Environmental Sciences and Engineering | 2026-2027 Bachelor semester 6 | Semester: | Spring | Exam form: | Written (summer session) | Subject examined: | Introduction to machine learning | Courses: | 2 Hour(s) per week x 14 weeks | Exercises: | 2 Hour(s) per week x 14 weeks | Project: | 2 Hour(s) per week x 14 weeks | Type: | optional | Mathematics | 2026-2027 Bachelor semester 6 | Semester: | Spring | Exam form: || Mathematics | 2026-2027 Bachelor semester 6 | Semester: | Spring | Exam form: | Written (summer session) | Subject examined: | Introduction to machine learning | Courses: | 2 Hour(s) per week x 14 weeks | Exercises: | 2 Hour(s) per week x 14 weeks | Project: | 2 Hour(s) per week x 14 weeks | Type: | optional | Passerelle HES - IC | 2026-2027 Spring semester | Semester: | Spring | Exam form: || Passerelle HES - IC | 2026-2027 Spring semester | Semester: | Spring | Exam form: | Written (summer session) | Subject examined: | Introduction to machine learning | Courses: | 2 Hour(s) per week x 14 weeks | Exercises: | 2 Hour(s) per week x 14 weeks | Project: | 2 Hour(s) per week x 14 weeks | Type: | optional | Reference week | Mo | Tu | We | Th
B048310-01,Algorithms I,CS250,CS-250,2028-29 Winter,True,Design and Analysis of Algorithms,COMP3711,3.0,Algorithms I | CS250 | Ref No.: B048310-01 | Valid till | 2028-29 Winter | Design and Analysis of Algorithms | COMP3711 | 3 Credits,Algorithms I,,English,https://edu.epfl.ch/studyplan/en/bachelor/communication-systems/coursebook/algorithms-i-CS-250,True,False,True,Computer Science | 2026-2027 Bachelor semester 4 | Semester: | Spring | Exam form: | Written (summer session) | Subject examined: | Algorithms I | Courses: | 4 Hour(s) per week x 14 weeks | Exercises: | 2 Hour(s) per week x 14 weeks | Type: | mandatory | Communication Systems | 2026-2027 Bachelor semester 4 | Semester: | Spring | Exam form: | Written (summer session) | Subject examined: || Communication Systems | 2026-2027 Bachelor semester 4 | Semester: | Spring | Exam form: | Written (summer session) | Subject examined: | Algorithms I | Courses: | 4 Hour(s) per week x 14 weeks | Exercises: | 2 Hour(s) per week x 14 weeks | Type: | mandatory | Mathematics | 2026-2027 Bachelor semester 6 | Semester: | Spring | Exam form: | Written (summer session) | Subject examined: || Mathematics | 2026-2027 Bachelor semester 6 | Semester: | Spring | Exam form: | Written (summer session) | Subject examined: | Algorithms I | Courses: | 4 Hour(s) per week x 14 weeks | Exercises: | 2 Hour(s) per week x 14 weeks | Type: | optional | Passerelle HES - IC | 2026-2027 Spring semester | Semester: | Spring | Exam form: | Written (summer session) | Subject examined: || Passerelle HES - IC | 2026-2027 Spring semester | Semester: | Spring | Exam form: | Written (summer session) | Subject examined: | Algorithms I | Courses: | 4 Hour(s) per week x 14 weeks | Exercises: | 2 Hour(s) per week x 14 weeks | Type: | mandatory | Computer science minor | 2026-2027 Spring semester | Semester: | Spring | Exam form: | Written (summer session) | Subject examined: || Computer science minor | 2026-2027 Spring semester | Semester: | Spring | Exam form: | Written (summer session) | Subject examined: | Algorithms I | Courses: | 4 Hour(s) per week x 14 weeks | Exercises: | 2 Hour(s) per week x 14 weeks | Type: | optional | Cyber security minor | 2026-2027 Spring semester | Semester: | Spring | Exam form: | Written (summer session) | Subject examined: || Cyber security minor | 2026-2027 Spring semester | Semester: | Spring | Exam form: | Written (summer session) | Subject examined: | Algorithms I | Courses: | 4 Hour(s) per week x 14 weeks | Exercises: | 2 Hour(s) per week x 14 weeks | Type: | optional | Data science minor | 2026-2027 Spring semester | Semester: | Spring | Exam form: | Written (summer session) | Subject examined: || Data science minor | 2026-2027 Spring semester | Semester: | Spring | Exam form: | Written (summer session) | Subject examined: | Algorithms I | Courses: | 4 Hour(s) per week x 14 weeks | Exercises: | 2 Hour(s) per week x 14 weeks | Type: | optional | Reference week | Mo | Tu | We | Th | Fr | 8-9
B048310-02,Algorithms I,CS250,CS-250,2028-29 Winter,True,Common Core Broadening Group in Technology,CORETECH,3.0,Algorithms I | CS250 | Ref No.: B048310-02 | Valid till | 2028-29 Winter | Common Core Broadening Group in Technology | CORETECH | 3 Credits,Algorithms I,,English,https://edu.epfl.ch/studyplan/en/bachelor/communication-systems/coursebook/algorithms-i-CS-250,True,False,True,Computer Science | 2026-2027 Bachelor semester 4 | Semester: | Spring | Exam form: | Written (summer session) | Subject examined: | Algorithms I | Courses: | 4 Hour(s) per week x 14 weeks | Exercises: | 2 Hour(s) per week x 14 weeks | Type: | mandatory | Communication Systems | 2026-2027 Bachelor semester 4 | Semester: | Spring | Exam form: | Written (summer session) | Subject examined: || Communication Systems | 2026-2027 Bachelor semester 4 | Semester: | Spring | Exam form: | Written (summer session) | Subject examined: | Algorithms I | Courses: | 4 Hour(s) per week x 14 weeks | Exercises: | 2 Hour(s) per week x 14 weeks | Type: | mandatory | Mathematics | 2026-2027 Bachelor semester 6 | Semester: | Spring | Exam form: | Written (summer session) | Subject examined: || Mathematics | 2026-2027 Bachelor semester 6 | Semester: | Spring | Exam form: | Written (summer session) | Subject examined: | Algorithms I | Courses: | 4 Hour(s) per week x 14 weeks | Exercises: | 2 Hour(s) per week x 14 weeks | Type: | optional | Passerelle HES - IC | 2026-2027 Spring semester | Semester: | Spring | Exam form: | Written (summer session) | Subject examined: || Passerelle HES - IC | 2026-2027 Spring semester | Semester: | Spring | Exam form: | Written (summer session) | Subject examined: | Algorithms I | Courses: | 4 Hour(s) per week x 14 weeks | Exercises: | 2 Hour(s) per week x 14 weeks | Type: | mandatory | Computer science minor | 2026-2027 Spring semester | Semester: | Spring | Exam form: | Written (summer session) | Subject examined: || Computer science minor | 2026-2027 Spring semester | Semester: | Spring | Exam form: | Written (summer session) | Subject examined: | Algorithms I | Courses: | 4 Hour(s) per week x 14 weeks | Exercises: | 2 Hour(s) per week x 14 weeks | Type: | optional | Cyber security minor | 2026-2027 Spring semester | Semester: | Spring | Exam form: | Written (summer session) | Subject examined: || Cyber security minor | 2026-2027 Spring semester | Semester: | Spring | Exam form: | Written (summer session) | Subject examined: | Algorithms I | Courses: | 4 Hour(s) per week x 14 weeks | Exercises: | 2 Hour(s) per week x 14 weeks | Type: | optional | Data science minor | 2026-2027 Spring semester | Semester: | Spring | Exam form: | Written (summer session) | Subject examined: || Data science minor | 2026-2027 Spring semester | Semester: | Spring | Exam form: | Written (summer session) | Subject examined: | Algorithms I | Courses: | 4 Hour(s) per week x 14 weeks | Exercises: | 2 Hour(s) per week x 14 weeks | Type: | optional | Reference week | Mo | Tu | We | Th | Fr | 8-9
B046267-02,Theory of Computation,CS251,CS-251,2027-28 Winter,True,Theory of Computation,COMP3721,3.0,Theory of Computation | CS251 | Ref No.: B046267-02 | Valid till | 2027-28 Winter | Theory of Computation | COMP3721 | 3 Credits,Theory of computation,,English,https://edu.epfl.ch/studyplan/en/bachelor/communication-systems/coursebook/theory-of-computation-CS-251,True,False,True,Computer Science | 2026-2027 Bachelor semester 6 | Semester: | Spring | Exam form: | Written (summer session) | Subject examined: | Theory of computation | Courses: | 2 Hour(s) per week x 14 weeks | Exercises: | 2 Hour(s) per week x 14 weeks | Type: | mandatory | Communication Systems | 2026-2027 Bachelor semester 6 | Semester: | Spring | Exam form: | Written (summer session) | Subject examined: || Communication Systems | 2026-2027 Bachelor semester 6 | Semester: | Spring | Exam form: | Written (summer session) | Subject examined: | Theory of computation | Courses: | 2 Hour(s) per week x 14 weeks | Exercises: | 2 Hour(s) per week x 14 weeks | Type: | optional | Passerelle HES - IC | 2026-2027 Spring semester | Semester: | Spring | Exam form: | Written (summer session) | Subject examined: || Passerelle HES - IC | 2026-2027 Spring semester | Semester: | Spring | Exam form: | Written (summer session) | Subject examined: | Theory of computation | Courses: | 2 Hour(s) per week x 14 weeks | Exercises: | 2 Hour(s) per week x 14 weeks | Type: | optional | Computer science minor | 2026-2027 Spring semester | Semester: | Spring | Exam form: | Written (summer session) | Subject examined: || Computer science minor | 2026-2027 Spring semester | Semester: | Spring | Exam form: | Written (summer session) | Subject examined: | Theory of computation | Courses: | 2 Hour(s) per week x 14 weeks | Exercises: | 2 Hour(s) per week x 14 weeks | Type: | optional | Reference week | Mo | Tu | We | Th | Fr | 8-9
B045855-02,Data-intensive Systems,CS-300,CS-300,2028-29 Winter,True,Database Management Systems,COMP3311,3.0,Data-intensive Systems | CS-300 | Ref No.: B045855-02 | Valid till | 2028-29 Winter | Database Management Systems | COMP3311 | 3 Credits,Data-intensive systems,,English,https://edu.epfl.ch/studyplan/en/bachelor/communication-systems/coursebook/data-intensive-systems-CS-300,True,False,True,Computer Science | 2026-2027 Bachelor semester 6 | Semester: | Spring | Exam form: | Written (summer session) | Subject examined: | Data-intensive systems | Courses: | 2 Hour(s) per week x 14 weeks | Exercises: | 1 Hour(s) per week x 14 weeks | Lab: | 2 Hour(s) per week x 14 weeks | Type: | mandatory | Communication Systems | 2026-2027 Bachelor semester 6 | Semester: | Spring | Exam form: || Communication Systems | 2026-2027 Bachelor semester 6 | Semester: | Spring | Exam form: | Written (summer session) | Subject examined: | Data-intensive systems | Courses: | 2 Hour(s) per week x 14 weeks | Exercises: | 1 Hour(s) per week x 14 weeks | Lab: | 2 Hour(s) per week x 14 weeks | Type: | optional | Passerelle HES - IC | 2026-2027 Spring semester | Semester: | Spring | Exam form: || Passerelle HES - IC | 2026-2027 Spring semester | Semester: | Spring | Exam form: | Written (summer session) | Subject examined: | Data-intensive systems | Courses: | 2 Hour(s) per week x 14 weeks | Exercises: | 1 Hour(s) per week x 14 weeks | Lab: | 2 Hour(s) per week x 14 weeks | Type: | optional | Computer science minor | 2026-2027 Spring semester | Semester: | Spring | Exam form: || Computer science minor | 2026-2027 Spring semester | Semester: | Spring | Exam form: | Written (summer session) | Subject examined: | Data-intensive systems | Courses: | 2 Hour(s) per week x 14 weeks | Exercises: | 1 Hour(s) per week x 14 weeks | Lab: | 2 Hour(s) per week x 14 weeks | Type: | optional | Cyber security minor | 2026-2027 Spring semester | Semester: | Spring | Exam form: || Cyber security minor | 2026-2027 Spring semester | Semester: | Spring | Exam form: | Written (summer session) | Subject examined: | Data-intensive systems | Courses: | 2 Hour(s) per week x 14 weeks | Exercises: | 1 Hour(s) per week x 14 weeks | Lab: | 2 Hour(s) per week x 14 weeks | Type: | optional | Data science minor | 2026-2027 Spring semester | Semester: | Spring | Exam form: || Data science minor | 2026-2027 Spring semester | Semester: | Spring | Exam form: | Written (summer session) | Subject examined: | Data-intensive systems | Courses: | 2 Hour(s) per week x 14 weeks | Exercises: | 1 Hour(s) per week x 14 weeks | Lab: | 2 Hour(s) per week x 14 weeks | Type: | optional | Reference week | Mo | Tu | We | Th
B047090-01,Parallelism and Concurrency in Software,CS-302,CS-302,2028-29 Winter,True,Computer Science Track Course,COMPS&D,3.0,Parallelism and Concurrency in Software | CS-302 | Ref No.: B047090-01 | Valid till | 2028-29 Winter | Computer Science Track Course | COMPS&D | 3 Credits,Parallelism and concurrency in software,,English,https://edu.epfl.ch/studyplan/en/bachelor/communication-systems/coursebook/parallelism-and-concurrency-in-software-CS-302,True,False,True,Computer Science | 2026-2027 Bachelor semester 6 | Semester: | Spring | Exam form: | During the semester (summer session) | Subject examined: | Parallelism and concurrency in software | Courses: | 3 Hour(s) per week x 14 weeks | Exercises: | 1 Hour(s) per week x 14 weeks | Lab: | 2 Hour(s) per week x 14 weeks | Type: | optional | Communication Systems | 2026-2027 Bachelor semester 6 | Semester: | Spring | Exam form: || Communication Systems | 2026-2027 Bachelor semester 6 | Semester: | Spring | Exam form: | During the semester (summer session) | Subject examined: | Parallelism and concurrency in software | Courses: | 3 Hour(s) per week x 14 weeks | Exercises: | 1 Hour(s) per week x 14 weeks | Lab: | 2 Hour(s) per week x 14 weeks | Type: | optional | Computer science minor | 2026-2027 Spring semester | Semester: | Spring | Exam form: || Computer science minor | 2026-2027 Spring semester | Semester: | Spring | Exam form: | During the semester (summer session) | Subject examined: | Parallelism and concurrency in software | Courses: | 3 Hour(s) per week x 14 weeks | Exercises: | 1 Hour(s) per week x 14 weeks | Lab: | 2 Hour(s) per week x 14 weeks | Type: | optional | Reference week | Mo | Tu | We | Th
B047090-02,Parallelism and Concurrency in Software,CS-302,CS-302,2028-29 Winter,True,Common Core Broadening Group in Technology,CORETECH,3.0,Parallelism and Concurrency in Software | CS-302 | Ref No.: B047090-02 | Valid till | 2028-29 Winter | Common Core Broadening Group in Technology | CORETECH | 3 Credits,Parallelism and concurrency in software,,English,https://edu.epfl.ch/studyplan/en/bachelor/communication-systems/coursebook/parallelism-and-concurrency-in-software-CS-302,True,False,True,Computer Science | 2026-2027 Bachelor semester 6 | Semester: | Spring | Exam form: | During the semester (summer session) | Subject examined: | Parallelism and concurrency in software | Courses: | 3 Hour(s) per week x 14 weeks | Exercises: | 1 Hour(s) per week x 14 weeks | Lab: | 2 Hour(s) per week x 14 weeks | Type: | optional | Communication Systems | 2026-2027 Bachelor semester 6 | Semester: | Spring | Exam form: || Communication Systems | 2026-2027 Bachelor semester 6 | Semester: | Spring | Exam form: | During the semester (summer session) | Subject examined: | Parallelism and concurrency in software | Courses: | 3 Hour(s) per week x 14 weeks | Exercises: | 1 Hour(s) per week x 14 weeks | Lab: | 2 Hour(s) per week x 14 weeks | Type: | optional | Computer science minor | 2026-2027 Spring semester | Semester: | Spring | Exam form: || Computer science minor | 2026-2027 Spring semester | Semester: | Spring | Exam form: | During the semester (summer session) | Subject examined: | Parallelism and concurrency in software | Courses: | 3 Hour(s) per week x 14 weeks | Exercises: | 1 Hour(s) per week x 14 weeks | Lab: | 2 Hour(s) per week x 14 weeks | Type: | optional | Reference week | Mo | Tu | We | Th
B045432-01,Introduction to Quantum Computation,CS308,CS-308,2028-29 Winter,True,4000-level Course in Computer Science and Engineering,COMP4000LEVEL,3.0,Introduction to Quantum Computation | CS308 | Ref No.: B045432-01 | Valid till | 2028-29 Winter | 4000-level Course in Computer Science and Engineering | COMP4000LEVEL | 3 Credits,Introduction to quantum computation,,English,https://edu.epfl.ch/studyplan/en/bachelor/communication-systems/coursebook/introduction-to-quantum-computation-CS-308,True,False,True,Computer Science | 2026-2027 Bachelor semester 6 | Semester: | Spring | Exam form: | Written (summer session) | Subject examined: | Introduction to quantum computation | Courses: | 3 Hour(s) per week x 14 weeks | Exercises: | 1 Hour(s) per week x 14 weeks | Type: | optional | Communication Systems | 2026-2027 Bachelor semester 6 | Semester: | Spring | Exam form: | Written (summer session) | Subject examined: || Communication Systems | 2026-2027 Bachelor semester 6 | Semester: | Spring | Exam form: | Written (summer session) | Subject examined: | Introduction to quantum computation | Courses: | 3 Hour(s) per week x 14 weeks | Exercises: | 1 Hour(s) per week x 14 weeks | Type: | optional | Quantum Science and Engineering | 2026-2027 Master semester 2 | Semester: | Spring | Exam form: | Written (summer session) | Subject examined: || Quantum Science and Engineering | 2026-2027 Master semester 2 | Semester: | Spring | Exam form: | Written (summer session) | Subject examined: | Introduction to quantum computation | Courses: | 3 Hour(s) per week x 14 weeks | Exercises: | 1 Hour(s) per week x 14 weeks | Type: | optional | Quantum Science and Engineering | 2026-2027 Master semester 4 | Semester: | Spring | Exam form: | Written (summer session) | Subject examined: || Quantum Science and Engineering | 2026-2027 Master semester 4 | Semester: | Spring | Exam form: | Written (summer session) | Subject examined: | Introduction to quantum computation | Courses: | 3 Hour(s) per week x 14 weeks | Exercises: | 1 Hour(s) per week x 14 weeks | Type: | optional | Minor in Quantum Science and Engineering | 2026-2027 Spring semester | Semester: | Spring | Exam form: | Written (summer session) | Subject examined: || Minor in Quantum Science and Engineering | 2026-2027 Spring semester | Semester: | Spring | Exam form: | Written (summer session) | Subject examined: | Introduction to quantum computation | Courses: | 3 Hour(s) per week x 14 weeks | Exercises: | 1 Hour(s) per week x 14 weeks | Type: | optional | Reference week | Mo | Tu | We | Th | Fr | 8-9
B032572-03,Computer Language Processing,CS320,CS-320,2027-28 Winter,True,Computer Science Track Course,COMPS&D,3.0,Computer Language Processing | CS320 | Ref No.: B032572-03 | Valid till | 2027-28 Winter | Computer Science Track Course | COMPS&D | 3 Credits,Computer language processing,,English,https://edu.epfl.ch/studyplan/en/bachelor/communication-systems/coursebook/computer-language-processing-CS-320,True,False,True,Computer Science | 2026-2027 Bachelor semester 6 | Semester: | Spring | Exam form: | During the semester (summer session) | Subject examined: | Computer language processing | Courses: | 2 Hour(s) per week x 14 weeks | Exercises: | 2 Hour(s) per week x 14 weeks | Project: | 2 Hour(s) per week x 14 weeks | Type: | optional | Communication Systems | 2026-2027 Bachelor semester 6 | Semester: | Spring | Exam form: || Communication Systems | 2026-2027 Bachelor semester 6 | Semester: | Spring | Exam form: | During the semester (summer session) | Subject examined: | Computer language processing | Courses: | 2 Hour(s) per week x 14 weeks | Exercises: | 2 Hour(s) per week x 14 weeks | Project: | 2 Hour(s) per week x 14 weeks | Type: | optional | Computer science minor | 2026-2027 Spring semester | Semester: | Spring | Exam form: || Computer science minor | 2026-2027 Spring semester | Semester: | Spring | Exam form: | During the semester (summer session) | Subject examined: | Computer language processing | Courses: | 2 Hour(s) per week x 14 weeks | Exercises: | 2 Hour(s) per week x 14 weeks | Project: | 2 Hour(s) per week x 14 weeks | Type: | optional | Reference week | Mo | Tu | We | Th
B045486-01,Computer Graphics,CS341,CS-341,2027-28 Winter,True,Computer Graphics,COMP4411,3.0,Computer Graphics | CS341 | Ref No.: B045486-01 | Valid till | 2027-28 Winter | Computer Graphics | COMP4411 | 3 Credits,Computer graphics,,English,https://edu.epfl.ch/studyplan/en/bachelor/communication-systems/coursebook/computer-graphics-CS-341,True,False,True,Computer Science | 2026-2027 Bachelor semester 4 | Semester: | Spring | Exam form: | Written (summer session) | Subject examined: | Computer graphics | Courses: | 2 Hour(s) per week x 14 weeks | Exercises: | 1 Hour(s) per week x 14 weeks | Lab: | 2 Hour(s) per week x 14 weeks | Type: | optional | Communication Systems | 2026-2027 Bachelor semester 4 | Semester: | Spring | Exam form: || Communication Systems | 2026-2027 Bachelor semester 4 | Semester: | Spring | Exam form: | Written (summer session) | Subject examined: | Computer graphics | Courses: | 2 Hour(s) per week x 14 weeks | Exercises: | 1 Hour(s) per week x 14 weeks | Lab: | 2 Hour(s) per week x 14 weeks | Type: | optional | Computer science minor | 2026-2027 Spring semester | Semester: | Spring | Exam form: || Computer science minor | 2026-2027 Spring semester | Semester: | Spring | Exam form: | Written (summer session) | Subject examined: | Computer graphics | Courses: | 2 Hour(s) per week x 14 weeks | Exercises: | 1 Hour(s) per week x 14 weeks | Lab: | 2 Hour(s) per week x 14 weeks | Type: | optional | Reference week | Mo | Tu | We | Th
B034265-03,Software Security,CS412,CS-412,2027-28 Winter,True,Computer Science Track Course,COMPS&N,3.0,Software Security | CS412 | Ref No.: B034265-03 | Valid till | 2027-28 Winter | Computer Science Track Course | COMPS&N | 3 Credits,Software security,,English,https://edu.epfl.ch/studyplan/en/doctoral_school/computer-and-communication-sciences/coursebook/software-security-CS-412,True,False,True,Computer Science | 2026-2027 Master semester 2 | Semester: | Spring | Exam form: | Written (summer session) | Subject examined: | Software security | Courses: | 3 Hour(s) per week x 14 weeks | Exercises: | 2 Hour(s) per week x 14 weeks | Lab: | 1 Hour(s) per week x 14 weeks | Type: | mandatory | Computer Science | 2026-2027 Master semester 4 | Semester: | Spring | Exam form: || Computer Science | 2026-2027 Master semester 4 | Semester: | Spring | Exam form: | Written (summer session) | Subject examined: | Software security | Courses: | 3 Hour(s) per week x 14 weeks | Exercises: | 2 Hour(s) per week x 14 weeks | Lab: | 1 Hour(s) per week x 14 weeks | Type: | mandatory | Communication Systems - master program | 2026-2027 Master semester 2 | Semester: | Spring | Exam form: || Communication Systems - master program | 2026-2027 Master semester 2 | Semester: | Spring | Exam form: | Written (summer session) | Subject examined: | Software security | Courses: | 3 Hour(s) per week x 14 weeks | Exercises: | 2 Hour(s) per week x 14 weeks | Lab: | 1 Hour(s) per week x 14 weeks | Type: | optional | Communication Systems - master program | 2026-2027 Master semester 4 | Semester: | Spring | Exam form: || Communication Systems - master program | 2026-2027 Master semester 4 | Semester: | Spring | Exam form: | Written (summer session) | Subject examined: | Software security | Courses: | 3 Hour(s) per week x 14 weeks | Exercises: | 2 Hour(s) per week x 14 weeks | Lab: | 1 Hour(s) per week x 14 weeks | Type: | optional | Computer Science - Cybersecurity | 2026-2027 Master semester 2 | Semester: | Spring | Exam form: || Computer Science - Cybersecurity | 2026-2027 Master semester 2 | Semester: | Spring | Exam form: | Written (summer session) | Subject examined: | Software security | Courses: | 3 Hour(s) per week x 14 weeks | Exercises: | 2 Hour(s) per week x 14 weeks | Lab: | 1 Hour(s) per week x 14 weeks | Type: | mandatory | Computer Science - Cybersecurity | 2026-2027 Master semester 4 | Semester: | Spring | Exam form: || Computer Science - Cybersecurity | 2026-2027 Master semester 4 | Semester: | Spring | Exam form: | Written (summer session) | Subject examined: | Software security | Courses: | 3 Hour(s) per week x 14 weeks | Exercises: | 2 Hour(s) per week x 14 weeks | Lab: | 1 Hour(s) per week x 14 weeks | Type: | mandatory | Data Science | 2026-2027 Master semester 2 | Semester: | Spring | Exam form: || Data Science | 2026-2027 Master semester 2 | Semester: | Spring | Exam form: | Written (summer session) | Subject examined: | Software security | Courses: | 3 Hour(s) per week x 14 weeks | Exercises: | 2 Hour(s) per week x 14 weeks | Lab: | 1 Hour(s) per week x 14 weeks | Type: | optional | Data Science | 2026-2027 Master semester 4 | Semester: | Spring | Exam form: || Data Science | 2026-2027 Master semester 4 | Semester: | Spring | Exam form: | Written (summer session) | Subject examined: | Software security | Courses: | 3 Hour(s) per week x 14 weeks | Exercises: | 2 Hour(s) per week x 14 weeks | Lab: | 1 Hour(s) per week x 14 weeks | Type: | optional | Computer and Communication Sciences | 2026-2027 Doctoral School | Exam form: | Written (summer session) | Subject examined: || Computer and Communication Sciences | 2026-2027 Doctoral School | Exam form: | Written (summer session) | Subject examined: | Software security | Courses: | 3 Hour(s) per week x 14 weeks | Exercises: | 2 Hour(s) per week x 14 weeks | Lab: | 1 Hour(s) per week x 14 weeks | Type: | optional | Cyber security minor | 2026-2027 Spring semester | Semester: | Spring | Exam form: | Written (summer session) | Subject examined: || Cyber security minor | 2026-2027 Spring semester | Semester: | Spring | Exam form: | Written (summer session) | Subject examined: | Software security | Courses: | 3 Hour(s) per week x 14 weeks | Exercises: | 2 Hour(s) per week x 14 weeks | Lab: | 1 Hour(s) per week x 14 weeks | Type: | optional | Reference week | Mo | Tu | We | Th
B046266-01,Optimization for Machine Learning,CS439,CS-439,2027-28 Winter,True,Computer Science Track Course,COMPA&T,3.0,Optimization for Machine Learning | CS439 | Ref No.: B046266-01 | Valid till | 2027-28 Winter | Computer Science Track Course | COMPA&T | 3 Credits,Optimization for machine learning,,English,https://edu.epfl.ch/studyplan/en/doctoral_school/electrical-engineering/coursebook/optimization-for-machine-learning-CS-439,True,False,True,Computer Science | 2026-2027 Master semester 2 | Semester: | Spring | Exam form: | Written (summer session) | Subject examined: | Optimization for machine learning | Courses: | 2 Hour(s) per week x 14 weeks | Exercises: | 2 Hour(s) per week x 14 weeks | Lab: | 1 Hour(s) per week x 14 weeks | Type: | optional | Computer Science | 2026-2027 Master semester 4 | Semester: | Spring | Exam form: || Computer Science | 2026-2027 Master semester 4 | Semester: | Spring | Exam form: | Written (summer session) | Subject examined: | Optimization for machine learning | Courses: | 2 Hour(s) per week x 14 weeks | Exercises: | 2 Hour(s) per week x 14 weeks | Lab: | 1 Hour(s) per week x 14 weeks | Type: | optional | Communication Systems - master program | 2026-2027 Master semester 2 | Semester: | Spring | Exam form: || Communication Systems - master program | 2026-2027 Master semester 2 | Semester: | Spring | Exam form: | Written (summer session) | Subject examined: | Optimization for machine learning | Courses: | 2 Hour(s) per week x 14 weeks | Exercises: | 2 Hour(s) per week x 14 weeks | Lab: | 1 Hour(s) per week x 14 weeks | Type: | optional | Communication Systems - master program | 2026-2027 Master semester 4 | Semester: | Spring | Exam form: || Communication Systems - master program | 2026-2027 Master semester 4 | Semester: | Spring | Exam form: | Written (summer session) | Subject examined: | Optimization for machine learning | Courses: | 2 Hour(s) per week x 14 weeks | Exercises: | 2 Hour(s) per week x 14 weeks | Lab: | 1 Hour(s) per week x 14 weeks | Type: | optional | Computer Science - Cybersecurity | 2026-2027 Master semester 2 | Semester: | Spring | Exam form: || Computer Science - Cybersecurity | 2026-2027 Master semester 2 | Semester: | Spring | Exam form: | Written (summer session) | Subject examined: | Optimization for machine learning | Courses: | 2 Hour(s) per week x 14 weeks | Exercises: | 2 Hour(s) per week x 14 weeks | Lab: | 1 Hour(s) per week x 14 weeks | Type: | optional | Computer Science - Cybersecurity | 2026-2027 Master semester 4 | Semester: | Spring | Exam form: || Computer Science - Cybersecurity | 2026-2027 Master semester 4 | Semester: | Spring | Exam form: | Written (summer session) | Subject examined: | Optimization for machine learning | Courses: | 2 Hour(s) per week x 14 weeks | Exercises: | 2 Hour(s) per week x 14 weeks | Lab: | 1 Hour(s) per week x 14 weeks | Type: | optional | Data Science | 2026-2027 Master semester 2 | Semester: | Spring | Exam form: || Data Science | 2026-2027 Master semester 2 | Semester: | Spring | Exam form: | Written (summer session) | Subject examined: | Optimization for machine learning | Courses: | 2 Hour(s) per week x 14 weeks | Exercises: | 2 Hour(s) per week x 14 weeks | Lab: | 1 Hour(s) per week x 14 weeks | Type: | mandatory | Data Science | 2026-2027 Master semester 4 | Semester: | Spring | Exam form: || Data Science | 2026-2027 Master semester 4 | Semester: | Spring | Exam form: | Written (summer session) | Subject examined: | Optimization for machine learning | Courses: | 2 Hour(s) per week x 14 weeks | Exercises: | 2 Hour(s) per week x 14 weeks | Lab: | 1 Hour(s) per week x 14 weeks | Type: | mandatory | Neuro-X | 2026-2027 Master semester 2 | Semester: | Spring | Exam form: || Neuro-X | 2026-2027 Master semester 2 | Semester: | Spring | Exam form: | Written (summer session) | Subject examined: | Optimization for machine learning | Courses: | 2 Hour(s) per week x 14 weeks | Exercises: | 2 Hour(s) per week x 14 weeks | Lab: | 1 Hour(s) per week x 14 weeks | Type: | optional | Neuro-X | 2026-2027 Master semester 4 | Semester: | Spring | Exam form: || Neuro-X | 2026-2027 Master semester 4 | Semester: | Spring | Exam form: | Written (summer session) | Subject examined: | Optimization for machine learning | Courses: | 2 Hour(s) per week x 14 weeks | Exercises: | 2 Hour(s) per week x 14 weeks | Lab: | 1 Hour(s) per week x 14 weeks | Type: | optional | Quantum Science and Engineering | 2026-2027 Master semester 2 | Semester: | Spring | Exam form:
B046266-03,Optimization for Machine Learning,CS439,CS-439,2027-28 Summer,True,Common Core Broadening Group in Science,CORESCI,4.0,Optimization for Machine Learning | CS439 | Ref No.: B046266-03 | Valid till | 2027-28 Summer | Common Core Broadening Group in Science | CORESCI | 4 Credits,Optimization for machine learning,,English,https://edu.epfl.ch/studyplan/en/doctoral_school/electrical-engineering/coursebook/optimization-for-machine-learning-CS-439,True,False,True,Computer Science | 2026-2027 Master semester 2 | Semester: | Spring | Exam form: | Written (summer session) | Subject examined: | Optimization for machine learning | Courses: | 2 Hour(s) per week x 14 weeks | Exercises: | 2 Hour(s) per week x 14 weeks | Lab: | 1 Hour(s) per week x 14 weeks | Type: | optional | Computer Science | 2026-2027 Master semester 4 | Semester: | Spring | Exam form: || Computer Science | 2026-2027 Master semester 4 | Semester: | Spring | Exam form: | Written (summer session) | Subject examined: | Optimization for machine learning | Courses: | 2 Hour(s) per week x 14 weeks | Exercises: | 2 Hour(s) per week x 14 weeks | Lab: | 1 Hour(s) per week x 14 weeks | Type: | optional | Communication Systems - master program | 2026-2027 Master semester 2 | Semester: | Spring | Exam form: || Communication Systems - master program | 2026-2027 Master semester 2 | Semester: | Spring | Exam form: | Written (summer session) | Subject examined: | Optimization for machine learning | Courses: | 2 Hour(s) per week x 14 weeks | Exercises: | 2 Hour(s) per week x 14 weeks | Lab: | 1 Hour(s) per week x 14 weeks | Type: | optional | Communication Systems - master program | 2026-2027 Master semester 4 | Semester: | Spring | Exam form: || Communication Systems - master program | 2026-2027 Master semester 4 | Semester: | Spring | Exam form: | Written (summer session) | Subject examined: | Optimization for machine learning | Courses: | 2 Hour(s) per week x 14 weeks | Exercises: | 2 Hour(s) per week x 14 weeks | Lab: | 1 Hour(s) per week x 14 weeks | Type: | optional | Computer Science - Cybersecurity | 2026-2027 Master semester 2 | Semester: | Spring | Exam form: || Computer Science - Cybersecurity | 2026-2027 Master semester 2 | Semester: | Spring | Exam form: | Written (summer session) | Subject examined: | Optimization for machine learning | Courses: | 2 Hour(s) per week x 14 weeks | Exercises: | 2 Hour(s) per week x 14 weeks | Lab: | 1 Hour(s) per week x 14 weeks | Type: | optional | Computer Science - Cybersecurity | 2026-2027 Master semester 4 | Semester: | Spring | Exam form: || Computer Science - Cybersecurity | 2026-2027 Master semester 4 | Semester: | Spring | Exam form: | Written (summer session) | Subject examined: | Optimization for machine learning | Courses: | 2 Hour(s) per week x 14 weeks | Exercises: | 2 Hour(s) per week x 14 weeks | Lab: | 1 Hour(s) per week x 14 weeks | Type: | optional | Data Science | 2026-2027 Master semester 2 | Semester: | Spring | Exam form: || Data Science | 2026-2027 Master semester 2 | Semester: | Spring | Exam form: | Written (summer session) | Subject examined: | Optimization for machine learning | Courses: | 2 Hour(s) per week x 14 weeks | Exercises: | 2 Hour(s) per week x 14 weeks | Lab: | 1 Hour(s) per week x 14 weeks | Type: | mandatory | Data Science | 2026-2027 Master semester 4 | Semester: | Spring | Exam form: || Data Science | 2026-2027 Master semester 4 | Semester: | Spring | Exam form: | Written (summer session) | Subject examined: | Optimization for machine learning | Courses: | 2 Hour(s) per week x 14 weeks | Exercises: | 2 Hour(s) per week x 14 weeks | Lab: | 1 Hour(s) per week x 14 weeks | Type: | mandatory | Neuro-X | 2026-2027 Master semester 2 | Semester: | Spring | Exam form: || Neuro-X | 2026-2027 Master semester 2 | Semester: | Spring | Exam form: | Written (summer session) | Subject examined: | Optimization for machine learning | Courses: | 2 Hour(s) per week x 14 weeks | Exercises: | 2 Hour(s) per week x 14 weeks | Lab: | 1 Hour(s) per week x 14 weeks | Type: | optional | Neuro-X | 2026-2027 Master semester 4 | Semester: | Spring | Exam form: || Neuro-X | 2026-2027 Master semester 4 | Semester: | Spring | Exam form: | Written (summer session) | Subject examined: | Optimization for machine learning | Courses: | 2 Hour(s) per week x 14 weeks | Exercises: | 2 Hour(s) per week x 14 weeks | Lab: | 1 Hour(s) per week x 14 weeks | Type: | optional | Quantum Science and Engineering | 2026-2027 Master semester 2 | Semester: | Spring | Exam form:
B046266-02,Optimization for Machine Learning,CS439,CS-439,2027-28 Summer,True,Statistical Machine Learning,MATH4432,3.0,Optimization for Machine Learning | CS439 | Ref No.: B046266-02 | Valid till | 2027-28 Summer | Statistical Machine Learning | MATH4432 | 3 Credits,Optimization for machine learning,,English,https://edu.epfl.ch/studyplan/en/doctoral_school/electrical-engineering/coursebook/optimization-for-machine-learning-CS-439,True,False,True,Computer Science | 2026-2027 Master semester 2 | Semester: | Spring | Exam form: | Written (summer session) | Subject examined: | Optimization for machine learning | Courses: | 2 Hour(s) per week x 14 weeks | Exercises: | 2 Hour(s) per week x 14 weeks | Lab: | 1 Hour(s) per week x 14 weeks | Type: | optional | Computer Science | 2026-2027 Master semester 4 | Semester: | Spring | Exam form: || Computer Science | 2026-2027 Master semester 4 | Semester: | Spring | Exam form: | Written (summer session) | Subject examined: | Optimization for machine learning | Courses: | 2 Hour(s) per week x 14 weeks | Exercises: | 2 Hour(s) per week x 14 weeks | Lab: | 1 Hour(s) per week x 14 weeks | Type: | optional | Communication Systems - master program | 2026-2027 Master semester 2 | Semester: | Spring | Exam form: || Communication Systems - master program | 2026-2027 Master semester 2 | Semester: | Spring | Exam form: | Written (summer session) | Subject examined: | Optimization for machine learning | Courses: | 2 Hour(s) per week x 14 weeks | Exercises: | 2 Hour(s) per week x 14 weeks | Lab: | 1 Hour(s) per week x 14 weeks | Type: | optional | Communication Systems - master program | 2026-2027 Master semester 4 | Semester: | Spring | Exam form: || Communication Systems - master program | 2026-2027 Master semester 4 | Semester: | Spring | Exam form: | Written (summer session) | Subject examined: | Optimization for machine learning | Courses: | 2 Hour(s) per week x 14 weeks | Exercises: | 2 Hour(s) per week x 14 weeks | Lab: | 1 Hour(s) per week x 14 weeks | Type: | optional | Computer Science - Cybersecurity | 2026-2027 Master semester 2 | Semester: | Spring | Exam form: || Computer Science - Cybersecurity | 2026-2027 Master semester 2 | Semester: | Spring | Exam form: | Written (summer session) | Subject examined: | Optimization for machine learning | Courses: | 2 Hour(s) per week x 14 weeks | Exercises: | 2 Hour(s) per week x 14 weeks | Lab: | 1 Hour(s) per week x 14 weeks | Type: | optional | Computer Science - Cybersecurity | 2026-2027 Master semester 4 | Semester: | Spring | Exam form: || Computer Science - Cybersecurity | 2026-2027 Master semester 4 | Semester: | Spring | Exam form: | Written (summer session) | Subject examined: | Optimization for machine learning | Courses: | 2 Hour(s) per week x 14 weeks | Exercises: | 2 Hour(s) per week x 14 weeks | Lab: | 1 Hour(s) per week x 14 weeks | Type: | optional | Data Science | 2026-2027 Master semester 2 | Semester: | Spring | Exam form: || Data Science | 2026-2027 Master semester 2 | Semester: | Spring | Exam form: | Written (summer session) | Subject examined: | Optimization for machine learning | Courses: | 2 Hour(s) per week x 14 weeks | Exercises: | 2 Hour(s) per week x 14 weeks | Lab: | 1 Hour(s) per week x 14 weeks | Type: | mandatory | Data Science | 2026-2027 Master semester 4 | Semester: | Spring | Exam form: || Data Science | 2026-2027 Master semester 4 | Semester: | Spring | Exam form: | Written (summer session) | Subject examined: | Optimization for machine learning | Courses: | 2 Hour(s) per week x 14 weeks | Exercises: | 2 Hour(s) per week x 14 weeks | Lab: | 1 Hour(s) per week x 14 weeks | Type: | mandatory | Neuro-X | 2026-2027 Master semester 2 | Semester: | Spring | Exam form: || Neuro-X | 2026-2027 Master semester 2 | Semester: | Spring | Exam form: | Written (summer session) | Subject examined: | Optimization for machine learning | Courses: | 2 Hour(s) per week x 14 weeks | Exercises: | 2 Hour(s) per week x 14 weeks | Lab: | 1 Hour(s) per week x 14 weeks | Type: | optional | Neuro-X | 2026-2027 Master semester 4 | Semester: | Spring | Exam form: || Neuro-X | 2026-2027 Master semester 4 | Semester: | Spring | Exam form: | Written (summer session) | Subject examined: | Optimization for machine learning | Courses: | 2 Hour(s) per week x 14 weeks | Exercises: | 2 Hour(s) per week x 14 weeks | Lab: | 1 Hour(s) per week x 14 weeks | Type: | optional | Quantum Science and Engineering | 2026-2027 Master semester 2 | Semester: | Spring | Exam form:
B048151-07,Computer Vision,CS442,CS-442,2028-29 Winter,True,Computer Science Track Course,COMPG&M,3.0,Computer Vision | CS442 | Ref No.: B048151-07 | Valid till | 2028-29 Winter | Computer Science Track Course | COMPG&M | 3 Credits,Computer vision,,English,https://edu.epfl.ch/studyplan/en/doctoral_school/robotics-control-and-intelligent-systems/coursebook/computer-vision-CS-442,True,False,True,Computer Science | 2026-2027 Master semester 2 | Semester: | Spring | Exam form: | Written (summer session) | Subject examined: | Computer vision | Courses: | 2 Hour(s) per week x 14 weeks | Exercises: | 1 Hour(s) per week x 14 weeks | Type: | optional | Computer Science | 2026-2027 Master semester 4 | Semester: | Spring | Exam form: | Written (summer session) | Subject examined: || Computer Science | 2026-2027 Master semester 4 | Semester: | Spring | Exam form: | Written (summer session) | Subject examined: | Computer vision | Courses: | 2 Hour(s) per week x 14 weeks | Exercises: | 1 Hour(s) per week x 14 weeks | Type: | optional | Communication Systems - master program | 2026-2027 Master semester 2 | Semester: | Spring | Exam form: | Written (summer session) | Subject examined: || Communication Systems - master program | 2026-2027 Master semester 2 | Semester: | Spring | Exam form: | Written (summer session) | Subject examined: | Computer vision | Courses: | 2 Hour(s) per week x 14 weeks | Exercises: | 1 Hour(s) per week x 14 weeks | Type: | optional | Communication Systems - master program | 2026-2027 Master semester 4 | Semester: | Spring | Exam form: | Written (summer session) | Subject examined: || Communication Systems - master program | 2026-2027 Master semester 4 | Semester: | Spring | Exam form: | Written (summer session) | Subject examined: | Computer vision | Courses: | 2 Hour(s) per week x 14 weeks | Exercises: | 1 Hour(s) per week x 14 weeks | Type: | optional | Computer Science - Cybersecurity | 2026-2027 Master semester 2 | Semester: | Spring | Exam form: | Written (summer session) | Subject examined: || Computer Science - Cybersecurity | 2026-2027 Master semester 2 | Semester: | Spring | Exam form: | Written (summer session) | Subject examined: | Computer vision | Courses: | 2 Hour(s) per week x 14 weeks | Exercises: | 1 Hour(s) per week x 14 weeks | Type: | optional | Computer Science - Cybersecurity | 2026-2027 Master semester 4 | Semester: | Spring | Exam form: | Written (summer session) | Subject examined: || Computer Science - Cybersecurity | 2026-2027 Master semester 4 | Semester: | Spring | Exam form: | Written (summer session) | Subject examined: | Computer vision | Courses: | 2 Hour(s) per week x 14 weeks | Exercises: | 1 Hour(s) per week x 14 weeks | Type: | optional | Data Science | 2026-2027 Master semester 2 | Semester: | Spring | Exam form: | Written (summer session) | Subject examined: || Data Science | 2026-2027 Master semester 2 | Semester: | Spring | Exam form: | Written (summer session) | Subject examined: | Computer vision | Courses: | 2 Hour(s) per week x 14 weeks | Exercises: | 1 Hour(s) per week x 14 weeks | Type: | optional | Data Science | 2026-2027 Master semester 4 | Semester: | Spring | Exam form: | Written (summer session) | Subject examined: || Data Science | 2026-2027 Master semester 4 | Semester: | Spring | Exam form: | Written (summer session) | Subject examined: | Computer vision | Courses: | 2 Hour(s) per week x 14 weeks | Exercises: | 1 Hour(s) per week x 14 weeks | Type: | optional | Digital Humanities | 2026-2027 Master semester 2 | Semester: | Spring | Exam form: | Written (summer session) | Subject examined: || Digital Humanities | 2026-2027 Master semester 2 | Semester: | Spring | Exam form: | Written (summer session) | Subject examined: | Computer vision | Courses: | 2 Hour(s) per week x 14 weeks | Exercises: | 1 Hour(s) per week x 14 weeks | Type: | optional | Digital Humanities | 2026-2027 Master semester 4 | Semester: | Spring | Exam form: | Written (summer session) | Subject examined: || Digital Humanities | 2026-2027 Master semester 4 | Semester: | Spring | Exam form: | Written (summer session) | Subject examined: | Computer vision | Courses: | 2 Hour(s) per week x 14 weeks | Exercises: | 1 Hour(s) per week x 14 weeks | Type: | optional | Neuro-X | 2026-2027 Master semester 2 | Semester: | Spring | Exam form: | Written (summer session) | Subject examined:
B048151-05,Computer Vision,CS442,CS-442,2028-29 Winter,True,Common Core Broadening Group in Technology,CORETECH,3.0,Computer Vision | CS442 | Ref No.: B048151-05 | Valid till | 2028-29 Winter | Common Core Broadening Group in Technology | CORETECH | 3 Credits,Computer vision,,English,https://edu.epfl.ch/studyplan/en/doctoral_school/robotics-control-and-intelligent-systems/coursebook/computer-vision-CS-442,True,False,True,Computer Science | 2026-2027 Master semester 2 | Semester: | Spring | Exam form: | Written (summer session) | Subject examined: | Computer vision | Courses: | 2 Hour(s) per week x 14 weeks | Exercises: | 1 Hour(s) per week x 14 weeks | Type: | optional | Computer Science | 2026-2027 Master semester 4 | Semester: | Spring | Exam form: | Written (summer session) | Subject examined: || Computer Science | 2026-2027 Master semester 4 | Semester: | Spring | Exam form: | Written (summer session) | Subject examined: | Computer vision | Courses: | 2 Hour(s) per week x 14 weeks | Exercises: | 1 Hour(s) per week x 14 weeks | Type: | optional | Communication Systems - master program | 2026-2027 Master semester 2 | Semester: | Spring | Exam form: | Written (summer session) | Subject examined: || Communication Systems - master program | 2026-2027 Master semester 2 | Semester: | Spring | Exam form: | Written (summer session) | Subject examined: | Computer vision | Courses: | 2 Hour(s) per week x 14 weeks | Exercises: | 1 Hour(s) per week x 14 weeks | Type: | optional | Communication Systems - master program | 2026-2027 Master semester 4 | Semester: | Spring | Exam form: | Written (summer session) | Subject examined: || Communication Systems - master program | 2026-2027 Master semester 4 | Semester: | Spring | Exam form: | Written (summer session) | Subject examined: | Computer vision | Courses: | 2 Hour(s) per week x 14 weeks | Exercises: | 1 Hour(s) per week x 14 weeks | Type: | optional | Computer Science - Cybersecurity | 2026-2027 Master semester 2 | Semester: | Spring | Exam form: | Written (summer session) | Subject examined: || Computer Science - Cybersecurity | 2026-2027 Master semester 2 | Semester: | Spring | Exam form: | Written (summer session) | Subject examined: | Computer vision | Courses: | 2 Hour(s) per week x 14 weeks | Exercises: | 1 Hour(s) per week x 14 weeks | Type: | optional | Computer Science - Cybersecurity | 2026-2027 Master semester 4 | Semester: | Spring | Exam form: | Written (summer session) | Subject examined: || Computer Science - Cybersecurity | 2026-2027 Master semester 4 | Semester: | Spring | Exam form: | Written (summer session) | Subject examined: | Computer vision | Courses: | 2 Hour(s) per week x 14 weeks | Exercises: | 1 Hour(s) per week x 14 weeks | Type: | optional | Data Science | 2026-2027 Master semester 2 | Semester: | Spring | Exam form: | Written (summer session) | Subject examined: || Data Science | 2026-2027 Master semester 2 | Semester: | Spring | Exam form: | Written (summer session) | Subject examined: | Computer vision | Courses: | 2 Hour(s) per week x 14 weeks | Exercises: | 1 Hour(s) per week x 14 weeks | Type: | optional | Data Science | 2026-2027 Master semester 4 | Semester: | Spring | Exam form: | Written (summer session) | Subject examined: || Data Science | 2026-2027 Master semester 4 | Semester: | Spring | Exam form: | Written (summer session) | Subject examined: | Computer vision | Courses: | 2 Hour(s) per week x 14 weeks | Exercises: | 1 Hour(s) per week x 14 weeks | Type: | optional | Digital Humanities | 2026-2027 Master semester 2 | Semester: | Spring | Exam form: | Written (summer session) | Subject examined: || Digital Humanities | 2026-2027 Master semester 2 | Semester: | Spring | Exam form: | Written (summer session) | Subject examined: | Computer vision | Courses: | 2 Hour(s) per week x 14 weeks | Exercises: | 1 Hour(s) per week x 14 weeks | Type: | optional | Digital Humanities | 2026-2027 Master semester 4 | Semester: | Spring | Exam form: | Written (summer session) | Subject examined: || Digital Humanities | 2026-2027 Master semester 4 | Semester: | Spring | Exam form: | Written (summer session) | Subject examined: | Computer vision | Courses: | 2 Hour(s) per week x 14 weeks | Exercises: | 1 Hour(s) per week x 14 weeks | Type: | optional | Neuro-X | 2026-2027 Master semester 2 | Semester: | Spring | Exam form: | Written (summer session) | Subject examined:
B048288-02,Interaction Design,CS486,CS-486,2028-29 Winter,True,Common Core Broadening Group in Technology,CORETECH,3.0,Interaction Design | CS486 | Ref No.: B048288-02 | Valid till | 2028-29 Winter | Common Core Broadening Group in Technology | CORETECH | 3 Credits,Interaction design,,English,https://edu.epfl.ch/studyplan/en/doctoral_school/robotics-control-and-intelligent-systems/coursebook/interaction-design-CS-486,True,False,True,Computer Science | 2026-2027 Master semester 2 | Semester: | Spring | Exam form: | During the semester (summer session) | Subject examined: | Interaction design | Courses: | 2 Hour(s) per week x 14 weeks | Exercises: | 1 Hour(s) per week x 14 weeks | Project: | 1 Hour(s) per week x 14 weeks | Type: | optional | Computer Science | 2026-2027 Master semester 4 | Semester: | Spring | Exam form: || Computer Science | 2026-2027 Master semester 4 | Semester: | Spring | Exam form: | During the semester (summer session) | Subject examined: | Interaction design | Courses: | 2 Hour(s) per week x 14 weeks | Exercises: | 1 Hour(s) per week x 14 weeks | Project: | 1 Hour(s) per week x 14 weeks | Type: | optional | Communication Systems - master program | 2026-2027 Master semester 2 | Semester: | Spring | Exam form: || Communication Systems - master program | 2026-2027 Master semester 2 | Semester: | Spring | Exam form: | During the semester (summer session) | Subject examined: | Interaction design | Courses: | 2 Hour(s) per week x 14 weeks | Exercises: | 1 Hour(s) per week x 14 weeks | Project: | 1 Hour(s) per week x 14 weeks | Type: | optional | Communication Systems - master program | 2026-2027 Master semester 4 | Semester: | Spring | Exam form: || Communication Systems - master program | 2026-2027 Master semester 4 | Semester: | Spring | Exam form: | During the semester (summer session) | Subject examined: | Interaction design | Courses: | 2 Hour(s) per week x 14 weeks | Exercises: | 1 Hour(s) per week x 14 weeks | Project: | 1 Hour(s) per week x 14 weeks | Type: | optional | Computer Science - Cybersecurity | 2026-2027 Master semester 2 | Semester: | Spring | Exam form: || Computer Science - Cybersecurity | 2026-2027 Master semester 2 | Semester: | Spring | Exam form: | During the semester (summer session) | Subject examined: | Interaction design | Courses: | 2 Hour(s) per week x 14 weeks | Exercises: | 1 Hour(s) per week x 14 weeks | Project: | 1 Hour(s) per week x 14 weeks | Type: | optional | Computer Science - Cybersecurity | 2026-2027 Master semester 4 | Semester: | Spring | Exam form: || Computer Science - Cybersecurity | 2026-2027 Master semester 4 | Semester: | Spring | Exam form: | During the semester (summer session) | Subject examined: | Interaction design | Courses: | 2 Hour(s) per week x 14 weeks | Exercises: | 1 Hour(s) per week x 14 weeks | Project: | 1 Hour(s) per week x 14 weeks | Type: | optional | Digital Humanities | 2026-2027 Master semester 2 | Semester: | Spring | Exam form: || Digital Humanities | 2026-2027 Master semester 2 | Semester: | Spring | Exam form: | During the semester (summer session) | Subject examined: | Interaction design | Courses: | 2 Hour(s) per week x 14 weeks | Exercises: | 1 Hour(s) per week x 14 weeks | Project: | 1 Hour(s) per week x 14 weeks | Type: | optional | Digital Humanities | 2026-2027 Master semester 4 | Semester: | Spring | Exam form: || Digital Humanities | 2026-2027 Master semester 4 | Semester: | Spring | Exam form: | During the semester (summer session) | Subject examined: | Interaction design | Courses: | 2 Hour(s) per week x 14 weeks | Exercises: | 1 Hour(s) per week x 14 weeks | Project: | 1 Hour(s) per week x 14 weeks | Type: | optional | Robotics | Control and Intelligent Systems 2026-2027 Doctoral School | Exam form: | During the semester (summer session) | Subject examined:
B045487-04,Modern Natural Language Processing,CS552,CS-552,2028-29 Winter,True,Computer Science Track Course,COMPA&T,4.0,Modern Natural Language Processing | CS552 | Ref No.: B045487-04 | Valid till | 2028-29 Winter | Computer Science Track Course | COMPA&T | 4 Credits,Modern natural language processing,,English,https://edu.epfl.ch/studyplan/en/doctoral_school/computational-and-quantitative-biology/coursebook/modern-natural-language-processing-CS-552,True,False,True,Computer Science | 2026-2027 Master semester 2 | Semester: | Spring | Exam form: | During the semester (summer session) | Subject examined: | Modern natural language processing | Courses: | 3 Hour(s) per week x 14 weeks | Exercises: | 1 Hour(s) per week x 14 weeks | Project: | 2 Hour(s) per week x 14 weeks | Type: | mandatory | Computer Science | 2026-2027 Master semester 4 | Semester: | Spring | Exam form: || Computer Science | 2026-2027 Master semester 4 | Semester: | Spring | Exam form: | During the semester (summer session) | Subject examined: | Modern natural language processing | Courses: | 3 Hour(s) per week x 14 weeks | Exercises: | 1 Hour(s) per week x 14 weeks | Project: | 2 Hour(s) per week x 14 weeks | Type: | mandatory | Communication Systems - master program | 2026-2027 Master semester 2 | Semester: | Spring | Exam form: || Communication Systems - master program | 2026-2027 Master semester 2 | Semester: | Spring | Exam form: | During the semester (summer session) | Subject examined: | Modern natural language processing | Courses: | 3 Hour(s) per week x 14 weeks | Exercises: | 1 Hour(s) per week x 14 weeks | Project: | 2 Hour(s) per week x 14 weeks | Type: | optional | Communication Systems - master program | 2026-2027 Master semester 4 | Semester: | Spring | Exam form: || Communication Systems - master program | 2026-2027 Master semester 4 | Semester: | Spring | Exam form: | During the semester (summer session) | Subject examined: | Modern natural language processing | Courses: | 3 Hour(s) per week x 14 weeks | Exercises: | 1 Hour(s) per week x 14 weeks | Project: | 2 Hour(s) per week x 14 weeks | Type: | optional | Data Science | 2026-2027 Master semester 2 | Semester: | Spring | Exam form: || Data Science | 2026-2027 Master semester 2 | Semester: | Spring | Exam form: | During the semester (summer session) | Subject examined: | Modern natural language processing | Courses: | 3 Hour(s) per week x 14 weeks | Exercises: | 1 Hour(s) per week x 14 weeks | Project: | 2 Hour(s) per week x 14 weeks | Type: | mandatory | Data Science | 2026-2027 Master semester 4 | Semester: | Spring | Exam form: || Data Science | 2026-2027 Master semester 4 | Semester: | Spring | Exam form: | During the semester (summer session) | Subject examined: | Modern natural language processing | Courses: | 3 Hour(s) per week x 14 weeks | Exercises: | 1 Hour(s) per week x 14 weeks | Project: | 2 Hour(s) per week x 14 weeks | Type: | mandatory | Digital Humanities | 2026-2027 Master semester 2 | Semester: | Spring | Exam form: || Digital Humanities | 2026-2027 Master semester 2 | Semester: | Spring | Exam form: | During the semester (summer session) | Subject examined: | Modern natural language processing | Courses: | 3 Hour(s) per week x 14 weeks | Exercises: | 1 Hour(s) per week x 14 weeks | Project: | 2 Hour(s) per week x 14 weeks | Type: | optional | Digital Humanities | 2026-2027 Master semester 4 | Semester: | Spring | Exam form: || Digital Humanities | 2026-2027 Master semester 4 | Semester: | Spring | Exam form: | During the semester (summer session) | Subject examined: | Modern natural language processing | Courses: | 3 Hour(s) per week x 14 weeks | Exercises: | 1 Hour(s) per week x 14 weeks | Project: | 2 Hour(s) per week x 14 weeks | Type: | optional | Life Sciences Engineering | 2026-2027 Master semester 2 | Semester: | Spring | Exam form: || Life Sciences Engineering | 2026-2027 Master semester 2 | Semester: | Spring | Exam form: | During the semester (summer session) | Subject examined: | Modern natural language processing | Courses: | 3 Hour(s) per week x 14 weeks | Exercises: | 1 Hour(s) per week x 14 weeks | Project: | 2 Hour(s) per week x 14 weeks | Type: | optional | Life Sciences Engineering | 2026-2027 Master semester 4 | Semester: | Spring | Exam form: || Life Sciences Engineering | 2026-2027 Master semester 4 | Semester: | Spring | Exam form: | During the semester (summer session) | Subject examined: | Modern natural language processing | Courses: | 3 Hour(s) per week x 14 weeks | Exercises: | 1 Hour(s) per week x 14 weeks | Project: | 2 Hour(s) per week x 14 weeks | Type: | optional | Computational and Quantitative Biology | 2026-2027 Doctoral School | Exam form: | During the semester (summer session) | Subject examined:
B045487-05,Modern Natural Language Processing,CS552,CS-552,2028-29 Winter,True,Common Core Broadening Group in Technology,CORETECH,4.0,Modern Natural Language Processing | CS552 | Ref No.: B045487-05 | Valid till | 2028-29 Winter | Common Core Broadening Group in Technology | CORETECH | 4 Credits,Modern natural language processing,,English,https://edu.epfl.ch/studyplan/en/doctoral_school/computational-and-quantitative-biology/coursebook/modern-natural-language-processing-CS-552,True,False,True,Computer Science | 2026-2027 Master semester 2 | Semester: | Spring | Exam form: | During the semester (summer session) | Subject examined: | Modern natural language processing | Courses: | 3 Hour(s) per week x 14 weeks | Exercises: | 1 Hour(s) per week x 14 weeks | Project: | 2 Hour(s) per week x 14 weeks | Type: | mandatory | Computer Science | 2026-2027 Master semester 4 | Semester: | Spring | Exam form: || Computer Science | 2026-2027 Master semester 4 | Semester: | Spring | Exam form: | During the semester (summer session) | Subject examined: | Modern natural language processing | Courses: | 3 Hour(s) per week x 14 weeks | Exercises: | 1 Hour(s) per week x 14 weeks | Project: | 2 Hour(s) per week x 14 weeks | Type: | mandatory | Communication Systems - master program | 2026-2027 Master semester 2 | Semester: | Spring | Exam form: || Communication Systems - master program | 2026-2027 Master semester 2 | Semester: | Spring | Exam form: | During the semester (summer session) | Subject examined: | Modern natural language processing | Courses: | 3 Hour(s) per week x 14 weeks | Exercises: | 1 Hour(s) per week x 14 weeks | Project: | 2 Hour(s) per week x 14 weeks | Type: | optional | Communication Systems - master program | 2026-2027 Master semester 4 | Semester: | Spring | Exam form: || Communication Systems - master program | 2026-2027 Master semester 4 | Semester: | Spring | Exam form: | During the semester (summer session) | Subject examined: | Modern natural language processing | Courses: | 3 Hour(s) per week x 14 weeks | Exercises: | 1 Hour(s) per week x 14 weeks | Project: | 2 Hour(s) per week x 14 weeks | Type: | optional | Data Science | 2026-2027 Master semester 2 | Semester: | Spring | Exam form: || Data Science | 2026-2027 Master semester 2 | Semester: | Spring | Exam form: | During the semester (summer session) | Subject examined: | Modern natural language processing | Courses: | 3 Hour(s) per week x 14 weeks | Exercises: | 1 Hour(s) per week x 14 weeks | Project: | 2 Hour(s) per week x 14 weeks | Type: | mandatory | Data Science | 2026-2027 Master semester 4 | Semester: | Spring | Exam form: || Data Science | 2026-2027 Master semester 4 | Semester: | Spring | Exam form: | During the semester (summer session) | Subject examined: | Modern natural language processing | Courses: | 3 Hour(s) per week x 14 weeks | Exercises: | 1 Hour(s) per week x 14 weeks | Project: | 2 Hour(s) per week x 14 weeks | Type: | mandatory | Digital Humanities | 2026-2027 Master semester 2 | Semester: | Spring | Exam form: || Digital Humanities | 2026-2027 Master semester 2 | Semester: | Spring | Exam form: | During the semester (summer session) | Subject examined: | Modern natural language processing | Courses: | 3 Hour(s) per week x 14 weeks | Exercises: | 1 Hour(s) per week x 14 weeks | Project: | 2 Hour(s) per week x 14 weeks | Type: | optional | Digital Humanities | 2026-2027 Master semester 4 | Semester: | Spring | Exam form: || Digital Humanities | 2026-2027 Master semester 4 | Semester: | Spring | Exam form: | During the semester (summer session) | Subject examined: | Modern natural language processing | Courses: | 3 Hour(s) per week x 14 weeks | Exercises: | 1 Hour(s) per week x 14 weeks | Project: | 2 Hour(s) per week x 14 weeks | Type: | optional | Life Sciences Engineering | 2026-2027 Master semester 2 | Semester: | Spring | Exam form: || Life Sciences Engineering | 2026-2027 Master semester 2 | Semester: | Spring | Exam form: | During the semester (summer session) | Subject examined: | Modern natural language processing | Courses: | 3 Hour(s) per week x 14 weeks | Exercises: | 1 Hour(s) per week x 14 weeks | Project: | 2 Hour(s) per week x 14 weeks | Type: | optional | Life Sciences Engineering | 2026-2027 Master semester 4 | Semester: | Spring | Exam form: || Life Sciences Engineering | 2026-2027 Master semester 4 | Semester: | Spring | Exam form: | During the semester (summer session) | Subject examined: | Modern natural language processing | Courses: | 3 Hour(s) per week x 14 weeks | Exercises: | 1 Hour(s) per week x 14 weeks | Project: | 2 Hour(s) per week x 14 weeks | Type: | optional | Computational and Quantitative Biology | 2026-2027 Doctoral School | Exam form: | During the semester (summer session) | Subject examined:
B044127-01,Image Analysis and Pattern Recognition,EE451,EE-451,2027-28 Winter,True,Image Processing,COMP4421,3.0,Image Analysis and Pattern Recognition | EE451 | Ref No.: B044127-01 | Valid till | 2027-28 Winter | Image Processing | COMP4421 | 3 Credits,Image analysis and pattern recognition,,English,https://edu.epfl.ch/studyplan/en/doctoral_school/civil-and-environmental-engineering/coursebook/image-analysis-and-pattern-recognition-EE-451,True,False,True,Electrical and Electronics Engineering | 2026-2027 Master semester 2 | Semester: | Spring | Number of places: | 150 | Exam form: | During the semester (summer session) | Subject examined: | Image analysis and pattern recognition | Courses: | 2 Hour(s) per week x 14 weeks | TP: | 2 Hour(s) per week x 14 weeks | Type: | optional | Electrical and Electronics Engineering | 2026-2027 Master semester 4 | Semester: | Spring | Number of places: || Electrical and Electronics Engineering | 2026-2027 Master semester 4 | Semester: | Spring | Number of places: | 150 | Exam form: | During the semester (summer session) | Subject examined: | Image analysis and pattern recognition | Courses: | 2 Hour(s) per week x 14 weeks | TP: | 2 Hour(s) per week x 14 weeks | Type: | optional | Data Science | 2026-2027 Master semester 2 | Semester: | Spring | Number of places: || Data Science | 2026-2027 Master semester 2 | Semester: | Spring | Number of places: | 150 | Exam form: | During the semester (summer session) | Subject examined: | Image analysis and pattern recognition | Courses: | 2 Hour(s) per week x 14 weeks | TP: | 2 Hour(s) per week x 14 weeks | Type: | optional | Data Science | 2026-2027 Master semester 4 | Semester: | Spring | Number of places: || Data Science | 2026-2027 Master semester 4 | Semester: | Spring | Number of places: | 150 | Exam form: | During the semester (summer session) | Subject examined: | Image analysis and pattern recognition | Courses: | 2 Hour(s) per week x 14 weeks | TP: | 2 Hour(s) per week x 14 weeks | Type: | optional | Life Sciences Engineering | 2026-2027 Master semester 2 | Semester: | Spring | Number of places: || Life Sciences Engineering | 2026-2027 Master semester 2 | Semester: | Spring | Number of places: | 150 | Exam form: | During the semester (summer session) | Subject examined: | Image analysis and pattern recognition | Courses: | 2 Hour(s) per week x 14 weeks | TP: | 2 Hour(s) per week x 14 weeks | Type: | optional | Life Sciences Engineering | 2026-2027 Master semester 4 | Semester: | Spring | Number of places: || Life Sciences Engineering | 2026-2027 Master semester 4 | Semester: | Spring | Number of places: | 150 | Exam form: | During the semester (summer session) | Subject examined: | Image analysis and pattern recognition | Courses: | 2 Hour(s) per week x 14 weeks | TP: | 2 Hour(s) per week x 14 weeks | Type: | optional | Neuro-X | 2026-2027 Master semester 2 | Semester: | Spring | Number of places: || Neuro-X | 2026-2027 Master semester 2 | Semester: | Spring | Number of places: | 150 | Exam form: | During the semester (summer session) | Subject examined: | Image analysis and pattern recognition | Courses: | 2 Hour(s) per week x 14 weeks | TP: | 2 Hour(s) per week x 14 weeks | Type: | optional | Neuro-X | 2026-2027 Master semester 4 | Semester: | Spring | Number of places: || Neuro-X | 2026-2027 Master semester 4 | Semester: | Spring | Number of places: | 150 | Exam form: | During the semester (summer session) | Subject examined: | Image analysis and pattern recognition | Courses: | 2 Hour(s) per week x 14 weeks | TP: | 2 Hour(s) per week x 14 weeks | Type: | optional | Robotics | 2026-2027 Master semester 2 | Semester: | Spring | Number of places: || Robotics | 2026-2027 Master semester 2 | Semester: | Spring | Number of places: | 150 | Exam form: | During the semester (summer session) | Subject examined: | Image analysis and pattern recognition | Courses: | 2 Hour(s) per week x 14 weeks | TP: | 2 Hour(s) per week x 14 weeks | Type: | optional | Robotics | 2026-2027 Master semester 4 | Semester: | Spring | Number of places: || Robotics | 2026-2027 Master semester 4 | Semester: | Spring | Number of places: | 150 | Exam form: | During the semester (summer session) | Subject examined: | Image analysis and pattern recognition | Courses: | 2 Hour(s) per week x 14 weeks | TP: | 2 Hour(s) per week x 14 weeks | Type: | optional | Civil and Environmental Engineering | 2026-2027 Doctoral School | Number of places: | 150 | Exam form:
B045433-01,Sustainability,ENV101,ENV-101,2028-29 Winter,True,"Climate Change, Big History and Sustainability",CIVL1190,3.0,"Sustainability | ENV101 | Ref No.: B045433-01 | Valid till | 2028-29 Winter | MIN. GRADE/SCORE | B- | Climate Change, Big History and Sustainability | CIVL1190 | 3 Credits",Sustainability,,French,https://edu.epfl.ch/studyplan/en/propedeutics/humanities-and-social-sciences-program/coursebook/sustainability-ENV-101,True,False,True,Humanities and Social Sciences Program | 2026-2027 Bachelor semester 2 | Semester: | Spring | Exam form: | During the semester (summer session) | Subject examined: | Sustainability | Courses: | 2 Hour(s) per week x 14 weeks | Type: | mandatory | Reference week | Mo | Tu | We | Th | Fr | 8-9 | 9-10 | 10-11
B006894-02,Investments,FIN-405,FIN-405,2028-29 Winter,True,Intermediate Investments,FINA3103,3.0,Investments | FIN-405 | Ref No.: B006894-02 | Valid till | 2028-29 Winter | Intermediate Investments | FINA3103 | 3 Credits,Investments,,English,https://edu.epfl.ch/studyplan/en/master/financial-engineering/coursebook/investments-FIN-405,True,False,True,Financial engineering | 2026-2027 Master semester 2 | Semester: | Spring | Exam form: | Written (summer session) | Subject examined: | Investments | Courses: | 3 Hour(s) per week x 14 weeks | Exercises: | 2 Hour(s) per week x 14 weeks | Type: | mandatory | Financial engineering | 2026-2027 Master semester 4 | Semester: | Spring | Exam form: | Written (summer session) | Subject examined: || Financial engineering | 2026-2027 Master semester 4 | Semester: | Spring | Exam form: | Written (summer session) | Subject examined: | Investments | Courses: | 3 Hour(s) per week x 14 weeks | Exercises: | 2 Hour(s) per week x 14 weeks | Type: | mandatory | Financial engineering minor | 2026-2027 Spring semester | Semester: | Spring | Exam form: | Written (summer session) | Subject examined: || Financial engineering minor | 2026-2027 Spring semester | Semester: | Spring | Exam form: | Written (summer session) | Subject examined: | Investments | Courses: | 3 Hour(s) per week x 14 weeks | Exercises: | 2 Hour(s) per week x 14 weeks | Type: | optional | Reference week | Mo | Tu | We | Th | Fr | 8-9
B045828-02,Financial Intermediation,FIN-420,FIN-420,2028-29 Winter,True,4000-level Course in Finance,FINA4000LEVEL,2.0,Financial Intermediation | FIN-420 | Ref No.: B045828-02 | Valid till | 2028-29 Winter | 4000-level Course in Finance | FINA4000LEVEL | 2 Credits,Financial intermediation,,English,https://edu.epfl.ch/studyplan/en/master/financial-engineering/coursebook/financial-intermediation-FIN-420,True,False,True,Financial engineering | 2026-2027 Master semester 2 | Semester: | Spring | Exam form: | During the semester (summer session) | Subject examined: | Financial intermediation | Courses: | 2 Hour(s) per week x 14 weeks | Exercises: | 1 Hour(s) per week x 14 weeks | Type: | optional | Financial engineering | 2026-2027 Master semester 4 | Semester: | Spring | Exam form: | During the semester (summer session) | Subject examined: || Financial engineering | 2026-2027 Master semester 4 | Semester: | Spring | Exam form: | During the semester (summer session) | Subject examined: | Financial intermediation | Courses: | 2 Hour(s) per week x 14 weeks | Exercises: | 1 Hour(s) per week x 14 weeks | Type: | optional | Financial engineering minor | 2026-2027 Spring semester | Semester: | Spring | Exam form: | During the semester (summer session) | Subject examined: || Financial engineering minor | 2026-2027 Spring semester | Semester: | Spring | Exam form: | During the semester (summer session) | Subject examined: | Financial intermediation | Courses: | 2 Hour(s) per week x 14 weeks | Exercises: | 1 Hour(s) per week x 14 weeks | Type: | optional | Reference week | Mo | Tu | We | Th | Fr | 8-9
B047033-02,Number Theory I.c - Combinatorial Number Theory,MATH-337,MATH-337,2027-28 Summer,True,4000-level Course in Mathematics,MATH4000SCCORE,3.0,Number Theory I.c - Combinatorial Number Theory | MATH-337 | Ref No.: B047033-02 | Valid till | 2027-28 Summer | 4000-level Course in Mathematics | MATH4000SCCORE | 3 Credits,Number theory I.c - Combinatorial number theory,,English,https://edu.epfl.ch/studyplan/en/bachelor/mathematics/coursebook/number-theory-i-c-combinatorial-number-theory-MATH-337,True,False,True,Mathematics | 2026-2027 Bachelor semester 6 | Semester: | Spring | Exam form: | Written (summer session) | Subject examined: | Number theory I.c - Combinatorial number theory | Courses: | 2 Hour(s) per week x 14 weeks | Exercises: | 2 Hour(s) per week x 14 weeks | Type: | optional | Reference week | Mo | Tu | We | Th | Fr | 8-9
B047073-02,Practical Business Law,MGT-455,MGT-455,2028-29 Winter,True,Common Core Broadening Group in Social Analysis,CORESOCA,2.0,Practical Business Law | MGT-455 | Ref No.: B047073-02 | Valid till | 2028-29 Winter | Common Core Broadening Group in Social Analysis | CORESOCA | 2 Credits,Practical business law,,English,https://edu.epfl.ch/studyplan/en/master/management-technology-and-entrepreneurship/coursebook/practical-business-law-MGT-455,True,False,True,Management | Technology and Entrepreneurship 2026-2027 Master semester 2 | Semester: | Spring | Exam form: | Written (summer session) | Subject examined: | Practical business law | Courses: | 3 Hour(s) per week x 14 weeks | Type: | optional | Management | Technology and Entrepreneurship 2026-2027 Master semester 4 | Semester: | Spring | Exam form: | Written (summer session) | Subject examined: | Practical business law | Courses: || Management | Technology and Entrepreneurship 2026-2027 Master semester 4 | Semester: | Spring | Exam form: | Written (summer session) | Subject examined: | Practical business law | Courses: | 3 Hour(s) per week x 14 weeks | Type: | optional | Management | Technology and Entrepreneurship minor 2026-2027 Spring semester | Semester: | Spring | Exam form: | Written (summer session) | Subject examined: | Practical business law | Courses: || Management | Technology and Entrepreneurship minor 2026-2027 Spring semester | Semester: | Spring | Exam form: | Written (summer session) | Subject examined: | Practical business law | Courses: | 3 Hour(s) per week x 14 weeks | Type: | optional | Reference week | Mo | Tu | We | Th | Fr | 8-9 | 9-10 | 10-11
B047009-01,Biology for Engineers,MSE-212,MSE-212,2028-29 Winter,True,Chemical Biology for Engineers,BIEN2610,3.0,Biology for Engineers | MSE-212 | Ref No.: B047009-01 | Valid till | 2028-29 Winter | Chemical Biology for Engineers | BIEN2610 | 3 Credits,Biology for engineers,,English,https://edu.epfl.ch/studyplan/en/bachelor/materials-science-and-engineering/coursebook/biology-for-engineers-MSE-212,True,False,True,Materials Science and Engineering | 2026-2027 Bachelor semester 4 | Semester: | Spring | Exam form: | Written (summer session) | Subject examined: | Biology for engineers | Courses: | 2 Hour(s) per week x 14 weeks | Type: | mandatory | Reference week | Mo | Tu | We | Th | Fr | 8-9 | 9-10 | 10-11
B047009-02,Biology for Engineers,MSE-212,MSE-212,2028-29 Winter,True,Common Core Broadening Group in Technology,CORETECH,2.0,Biology for Engineers | MSE-212 | Ref No.: B047009-02 | Valid till | 2028-29 Winter | Common Core Broadening Group in Technology | CORETECH | 2 Credits,Biology for engineers,,English,https://edu.epfl.ch/studyplan/en/bachelor/materials-science-and-engineering/coursebook/biology-for-engineers-MSE-212,True,False,True,Materials Science and Engineering | 2026-2027 Bachelor semester 4 | Semester: | Spring | Exam form: | Written (summer session) | Subject examined: | Biology for engineers | Courses: | 2 Hour(s) per week x 14 weeks | Type: | mandatory | Reference week | Mo | Tu | We | Th | Fr | 8-9 | 9-10 | 10-11
B038029-02,Biophysics: Physics of the Cell,PHYS-301,PHYS-301,2027-28 Winter,True,Introductory Biological Physics,PHYS2010,3.0,Biophysics: Physics of the Cell | PHYS-301 | Ref No.: B038029-02 | Valid till | 2027-28 Winter | Introductory Biological Physics | PHYS2010 | 3 Credits,Biophysics : physics of the cell,,English,https://edu.epfl.ch/studyplan/en/bachelor/physics/coursebook/biophysics-physics-of-the-cell-PHYS-301,True,False,True,Physics | 2026-2027 Bachelor semester 6 | Semester: | Spring | Exam form: | Written (summer session) | Subject examined: | Biophysics : physics of the cell | Courses: | 2 Hour(s) per week x 14 weeks | Exercises: | 1 Hour(s) per week x 14 weeks | Type: | optional | Life Sciences Engineering | 2026-2027 Master semester 2 | Semester: | Spring | Exam form: | Written (summer session) | Subject examined: || Life Sciences Engineering | 2026-2027 Master semester 2 | Semester: | Spring | Exam form: | Written (summer session) | Subject examined: | Biophysics : physics of the cell | Courses: | 2 Hour(s) per week x 14 weeks | Exercises: | 1 Hour(s) per week x 14 weeks | Type: | optional | Life Sciences Engineering | 2026-2027 Master semester 4 | Semester: | Spring | Exam form: | Written (summer session) | Subject examined: || Life Sciences Engineering | 2026-2027 Master semester 4 | Semester: | Spring | Exam form: | Written (summer session) | Subject examined: | Biophysics : physics of the cell | Courses: | 2 Hour(s) per week x 14 weeks | Exercises: | 1 Hour(s) per week x 14 weeks | Type: | optional | Mechanical Engineering | 2026-2027 Master semester 2 | Semester: | Spring | Exam form: | Written (summer session) | Subject examined: || Mechanical Engineering | 2026-2027 Master semester 2 | Semester: | Spring | Exam form: | Written (summer session) | Subject examined: | Biophysics : physics of the cell | Courses: | 2 Hour(s) per week x 14 weeks | Exercises: | 1 Hour(s) per week x 14 weeks | Type: | optional | Mechanical Engineering | 2026-2027 Master semester 4 | Semester: | Spring | Exam form: | Written (summer session) | Subject examined: || Mechanical Engineering | 2026-2027 Master semester 4 | Semester: | Spring | Exam form: | Written (summer session) | Subject examined: | Biophysics : physics of the cell | Courses: | 2 Hour(s) per week x 14 weeks | Exercises: | 1 Hour(s) per week x 14 weeks | Type: | optional | Biomedical technologies minor | 2026-2027 Spring semester | Semester: | Spring | Exam form: | Written (summer session) | Subject examined: || Biomedical technologies minor | 2026-2027 Spring semester | Semester: | Spring | Exam form: | Written (summer session) | Subject examined: | Biophysics : physics of the cell | Courses: | 2 Hour(s) per week x 14 weeks | Exercises: | 1 Hour(s) per week x 14 weeks | Type: | optional | Reference week | Mo | Tu | We | Th | Fr | 8-9
B046416-02,Advanced Computational Physics,PHYS339,PHYS-339,2028-29 Winter,True,3000-level Course in Physics,PHYS3000LEVEL,2.0,Advanced Computational Physics | PHYS339 | Ref No.: B046416-02 | Valid till | 2028-29 Winter | 3000-level Course in Physics | PHYS3000LEVEL | 2 Credits,Advanced computational physics,,English,https://edu.epfl.ch/studyplan/en/bachelor/physics/coursebook/advanced-computational-physics-PHYS-339,True,False,True,Physics | 2026-2027 Bachelor semester 6 | Semester: | Spring | Exam form: | Written (summer session) | Subject examined: | Advanced computational physics | Courses: | 1 Hour(s) per week x 14 weeks | Project: | 2 Hour(s) per week x 14 weeks | Type: | optional | Reference week | Mo | Tu | We | Th | Fr | 8-9
B044750-02,Solid State Physics IV,PHYS-420,PHYS-420,2027-28 Winter,True,4000-level Course in Physics,PHYS4000LEVEL,3.0,Solid State Physics IV | PHYS-420 | Ref No.: B044750-02 | Valid till | 2027-28 Winter | 4000-level Course in Physics | PHYS4000LEVEL | 3 Credits,Solid state physics IV,,English,https://edu.epfl.ch/studyplan/en/master/applied-physics/coursebook/solid-state-physics-iv-PHYS-420,True,False,True,Applied Physics | 2026-2027 Master semester 2 | Semester: | Spring | Exam form: | Oral (summer session) | Subject examined: | Solid state physics IV | Courses: | 2 Hour(s) per week x 14 weeks | Exercises: | 2 Hour(s) per week x 14 weeks | Type: | optional | Applied Physics | 2026-2027 Master semester 4 | Semester: | Spring | Exam form: | Oral (summer session) | Subject examined: || Applied Physics | 2026-2027 Master semester 4 | Semester: | Spring | Exam form: | Oral (summer session) | Subject examined: | Solid state physics IV | Courses: | 2 Hour(s) per week x 14 weeks | Exercises: | 2 Hour(s) per week x 14 weeks | Type: | optional | Physics - master program | 2026-2027 Master semester 2 | Semester: | Spring | Exam form: | Oral (summer session) | Subject examined: || Physics - master program | 2026-2027 Master semester 2 | Semester: | Spring | Exam form: | Oral (summer session) | Subject examined: | Solid state physics IV | Courses: | 2 Hour(s) per week x 14 weeks | Exercises: | 2 Hour(s) per week x 14 weeks | Type: | optional | Physics - master program | 2026-2027 Master semester 4 | Semester: | Spring | Exam form: | Oral (summer session) | Subject examined: || Physics - master program | 2026-2027 Master semester 4 | Semester: | Spring | Exam form: | Oral (summer session) | Subject examined: | Solid state physics IV | Courses: | 2 Hour(s) per week x 14 weeks | Exercises: | 2 Hour(s) per week x 14 weeks | Type: | optional | Reference week | Mo | Tu | We | Th | Fr | 8-9
B045747-01,Quantum Physics IV,PHYS-426,PHYS-426,2028-29 Winter,True,5000-level Course in Physics,PHYS5000LEVEL,4.0,Quantum Physics IV | PHYS-426 | Ref No.: B045747-01 | Valid till | 2028-29 Winter | 5000-level Course in Physics | PHYS5000LEVEL | 4 Credits,Quantum physics IV,,English,https://edu.epfl.ch/studyplan/en/master/applied-physics/coursebook/quantum-physics-iv-PHYS-426,True,False,True,Physics - master program | 2026-2027 Master semester 2 | Semester: | Spring | Exam form: | Written (summer session) | Subject examined: | Quantum physics IV | Courses: | 2 Hour(s) per week x 14 weeks | Exercises: | 2 Hour(s) per week x 14 weeks | Type: | optional | Physics - master program | 2026-2027 Master semester 4 | Semester: | Spring | Exam form: | Written (summer session) | Subject examined: || Physics - master program | 2026-2027 Master semester 4 | Semester: | Spring | Exam form: | Written (summer session) | Subject examined: | Quantum physics IV | Courses: | 2 Hour(s) per week x 14 weeks | Exercises: | 2 Hour(s) per week x 14 weeks | Type: | optional | Applied Physics | 2026-2027 Master semester 2 | Semester: | Spring | Exam form: | Written (summer session) | Subject examined: || Applied Physics | 2026-2027 Master semester 2 | Semester: | Spring | Exam form: | Written (summer session) | Subject examined: | Quantum physics IV | Courses: | 2 Hour(s) per week x 14 weeks | Exercises: | 2 Hour(s) per week x 14 weeks | Type: | optional | Applied Physics | 2026-2027 Master semester 4 | Semester: | Spring | Exam form: | Written (summer session) | Subject examined: || Applied Physics | 2026-2027 Master semester 4 | Semester: | Spring | Exam form: | Written (summer session) | Subject examined: | Quantum physics IV | Courses: | 2 Hour(s) per week x 14 weeks | Exercises: | 2 Hour(s) per week x 14 weeks | Type: | optional | Quantum Science and Engineering | 2026-2027 Master semester 2 | Semester: | Spring | Exam form: | Written (summer session) | Subject examined: || Quantum Science and Engineering | 2026-2027 Master semester 2 | Semester: | Spring | Exam form: | Written (summer session) | Subject examined: | Quantum physics IV | Courses: | 2 Hour(s) per week x 14 weeks | Exercises: | 2 Hour(s) per week x 14 weeks | Type: | optional | Quantum Science and Engineering | 2026-2027 Master semester 4 | Semester: | Spring | Exam form: | Written (summer session) | Subject examined: || Quantum Science and Engineering | 2026-2027 Master semester 4 | Semester: | Spring | Exam form: | Written (summer session) | Subject examined: | Quantum physics IV | Courses: | 2 Hour(s) per week x 14 weeks | Exercises: | 2 Hour(s) per week x 14 weeks | Type: | optional | Reference week | Mo | Tu | We | Th | Fr | 8-9
B044745-01,Quantum Optics and Quantum Information,PHYS-454,PHYS-454,2027-28 Winter,True,Modern AMO (Atomic Molecular Optical) Physics with Atoms and Photons,PHYS5280,3.0,Quantum Optics and Quantum Information | PHYS-454 | Ref No.: B044745-01 | Valid till | 2027-28 Winter | Modern AMO (Atomic Molecular Optical) Physics with Atoms and Photons | PHYS5280 | 3 Credits,Quantum optics and quantum information,,English,https://edu.epfl.ch/studyplan/en/doctoral_school/photonics/coursebook/quantum-optics-and-quantum-information-PHYS-454,True,False,True,Applied Physics | 2026-2027 Master semester 2 | Semester: | Spring | Exam form: | Written (summer session) | Subject examined: | Quantum optics and quantum information | Courses: | 2 Hour(s) per week x 14 weeks | Exercises: | 2 Hour(s) per week x 14 weeks | Type: | optional | Applied Physics | 2026-2027 Master semester 4 | Semester: | Spring | Exam form: | Written (summer session) | Subject examined: || Applied Physics | 2026-2027 Master semester 4 | Semester: | Spring | Exam form: | Written (summer session) | Subject examined: | Quantum optics and quantum information | Courses: | 2 Hour(s) per week x 14 weeks | Exercises: | 2 Hour(s) per week x 14 weeks | Type: | optional | Physics - master program | 2026-2027 Master semester 2 | Semester: | Spring | Exam form: | Written (summer session) | Subject examined: || Physics - master program | 2026-2027 Master semester 2 | Semester: | Spring | Exam form: | Written (summer session) | Subject examined: | Quantum optics and quantum information | Courses: | 2 Hour(s) per week x 14 weeks | Exercises: | 2 Hour(s) per week x 14 weeks | Type: | optional | Physics - master program | 2026-2027 Master semester 4 | Semester: | Spring | Exam form: | Written (summer session) | Subject examined: || Physics - master program | 2026-2027 Master semester 4 | Semester: | Spring | Exam form: | Written (summer session) | Subject examined: | Quantum optics and quantum information | Courses: | 2 Hour(s) per week x 14 weeks | Exercises: | 2 Hour(s) per week x 14 weeks | Type: | optional | Quantum Science and Engineering | 2026-2027 Master semester 2 | Semester: | Spring | Exam form: | Written (summer session) | Subject examined: || Quantum Science and Engineering | 2026-2027 Master semester 2 | Semester: | Spring | Exam form: | Written (summer session) | Subject examined: | Quantum optics and quantum information | Courses: | 2 Hour(s) per week x 14 weeks | Exercises: | 2 Hour(s) per week x 14 weeks | Type: | optional | Quantum Science and Engineering | 2026-2027 Master semester 4 | Semester: | Spring | Exam form: | Written (summer session) | Subject examined: || Quantum Science and Engineering | 2026-2027 Master semester 4 | Semester: | Spring | Exam form: | Written (summer session) | Subject examined: | Quantum optics and quantum information | Courses: | 2 Hour(s) per week x 14 weeks | Exercises: | 2 Hour(s) per week x 14 weeks | Type: | optional | Minor in Quantum Science and Engineering | 2026-2027 Spring semester | Semester: | Spring | Exam form: | Written (summer session) | Subject examined: || Minor in Quantum Science and Engineering | 2026-2027 Spring semester | Semester: | Spring | Exam form: | Written (summer session) | Subject examined: | Quantum optics and quantum information | Courses: | 2 Hour(s) per week x 14 weeks | Exercises: | 2 Hour(s) per week x 14 weeks | Type: | optional | Photonics | 2026-2027 Doctoral School | Exam form: | Written (summer session) | Subject examined: | Quantum optics and quantum information | Courses: || Photonics | 2026-2027 Doctoral School | Exam form: | Written (summer session) | Subject examined: | Quantum optics and quantum information | Courses: | 2 Hour(s) per week x 14 weeks | Exercises: | 2 Hour(s) per week x 14 weeks | Type: | optional | Photonics minor | 2026-2027 Spring semester | Semester: | Spring | Exam form: | Written (summer session) | Subject examined: | Quantum optics and quantum information | Courses: || Photonics minor | 2026-2027 Spring semester | Semester: | Spring | Exam form: | Written (summer session) | Subject examined: | Quantum optics and quantum information | Courses: | 2 Hour(s) per week x 14 weeks | Exercises: | 2 Hour(s) per week x 14 weeks | Type: | optional | Physics | 2026-2027 Doctoral School | Exam form: | Written (summer session) | Subject examined: | Quantum optics and quantum information | Courses:
